STATION,NAME,DATE,TAVG,TMAX,TMIN
RSM00023849,"SURGUT, RS",1/1/2015,-20,-16,
RSM00023849,"SURGUT, RS",1/2/2015,-30,,
RSM00023849,"SURGUT, RS",1/3/2015,-37,,
RSM00023849,"SURGUT, RS",1/4/2015,-7,0,-35
RSM00023849,"SURGUT, RS",1/5/2015,4,,-9
RSM00023849,"SURGUT, RS",1/6/2015,21,25,8
RSM00023849,"SURGUT, RS",1/7/2015,16,23,
RSM00023849,"SURGUT, RS",1/8/2015,-19,,
RSM00023849,"SURGUT, RS",1/9/2015,-18,-12,
RSM00023849,"SURGUT, RS",1/10/2015,-28,-27,-29
RSM00023849,"SURGUT, RS",1/11/2015,-20,,-29
RSM00023849,"SURGUT, RS",1/12/2015,4,,-18
RSM00023849,"SURGUT, RS",1/13/2015,10,,2
RSM00023849,"SURGUT, RS",1/14/2015,15,,
RSM00023849,"SURGUT, RS",1/15/2015,16,,
RSM00023849,"SURGUT, RS",1/16/2015,-4,,
RSM00023849,"SURGUT, RS",1/17/2015,-5,2,
RSM00023849,"SURGUT, RS",1/18/2015,11,,-17
RSM00023849,"SURGUT, RS",1/19/2015,23,29,
RSM00023849,"SURGUT, RS",1/20/2015,-8,,
RSM00023849,"SURGUT, RS",1/21/2015,-20,,
RSM00023849,"SURGUT, RS",1/22/2015,-26,,
RSM00023849,"SURGUT, RS",1/23/2015,-29,-23,-35
RSM00023849,"SURGUT, RS",1/24/2015,-8,,
RSM00023849,"SURGUT, RS",1/25/2015,5,9,
RSM00023849,"SURGUT, RS",1/26/2015,6,,1
RSM00023849,"SURGUT, RS",1/27/2015,13,17,4
RSM00023849,"SURGUT, RS",1/28/2015,13,,
RSM00023849,"SURGUT, RS",1/29/2015,12,14,
RSM00023849,"SURGUT, RS",1/30/2015,13,17,
RSM00023849,"SURGUT, RS",1/31/2015,1,,
RSM00023849,"SURGUT, RS",2/1/2015,13,,3
RSM00023849,"SURGUT, RS",2/2/2015,24,,16
RSM00023849,"SURGUT, RS",2/3/2015,22,25,
RSM00023849,"SURGUT, RS",2/4/2015,5,,
RSM00023849,"SURGUT, RS",2/5/2015,11,16,0
RSM00023849,"SURGUT, RS",2/6/2015,9,,3
RSM00023849,"SURGUT, RS",2/7/2015,8,12,
RSM00023849,"SURGUT, RS",2/8/2015,7,,
RSM00023849,"SURGUT, RS",2/9/2015,3,,
RSM00023849,"SURGUT, RS",2/10/2015,11,,-8
RSM00023849,"SURGUT, RS",2/11/2015,17,20,
RSM00023849,"SURGUT, RS",2/12/2015,8,,
RSM00023849,"SURGUT, RS",2/13/2015,17,,-5
RSM00023849,"SURGUT, RS",2/14/2015,15,18,
RSM00023849,"SURGUT, RS",2/15/2015,11,,6
RSM00023849,"SURGUT, RS",2/16/2015,-5,,
RSM00023849,"SURGUT, RS",2/17/2015,-25,-18,
RSM00023849,"SURGUT, RS",2/18/2015,-22,,-36
RSM00023849,"SURGUT, RS",2/19/2015,-4,5,-27
RSM00023849,"SURGUT, RS",2/20/2015,9,16,-2
RSM00023849,"SURGUT, RS",2/21/2015,10,15,
RSM00023849,"SURGUT, RS",2/22/2015,12,,3
RSM00023849,"SURGUT, RS",2/23/2015,22,,4
RSM00023849,"SURGUT, RS",2/24/2015,29,32,
RSM00023849,"SURGUT, RS",2/25/2015,15,,
RSM00023849,"SURGUT, RS",2/26/2015,24,,4
RSM00023849,"SURGUT, RS",2/27/2015,30,33,
RSM00023849,"SURGUT, RS",2/28/2015,23,,
RSM00023849,"SURGUT, RS",3/1/2015,26,,19
RSM00023849,"SURGUT, RS",3/2/2015,25,29,
RSM00023849,"SURGUT, RS",3/3/2015,22,30,
RSM00023849,"SURGUT, RS",3/4/2015,19,30,
RSM00023849,"SURGUT, RS",3/5/2015,-6,4,
RSM00023849,"SURGUT, RS",3/6/2015,1,11,-18
RSM00023849,"SURGUT, RS",3/7/2015,13,22,1
RSM00023849,"SURGUT, RS",3/8/2015,14,23,3
RSM00023849,"SURGUT, RS",3/9/2015,16,,
RSM00023849,"SURGUT, RS",3/10/2015,20,,13
RSM00023849,"SURGUT, RS",3/11/2015,21,32,10
RSM00023849,"SURGUT, RS",3/12/2015,24,33,10
RSM00023849,"SURGUT, RS",3/13/2015,25,,19
RSM00023849,"SURGUT, RS",3/14/2015,28,33,21
RSM00023849,"SURGUT, RS",3/15/2015,26,31,
RSM00023849,"SURGUT, RS",3/16/2015,15,,
RSM00023849,"SURGUT, RS",3/17/2015,28,36,19
RSM00023849,"SURGUT, RS",3/18/2015,33,,
RSM00023849,"SURGUT, RS",3/19/2015,20,,
RSM00023849,"SURGUT, RS",3/20/2015,35,,20
RSM00023849,"SURGUT, RS",3/21/2015,33,,
RSM00023849,"SURGUT, RS",3/22/2015,31,,24
RSM00023849,"SURGUT, RS",3/23/2015,21,33,
RSM00023849,"SURGUT, RS",3/24/2015,5,17,-5
RSM00023849,"SURGUT, RS",3/25/2015,18,26,-3
RSM00023849,"SURGUT, RS",3/26/2015,16,,
RSM00023849,"SURGUT, RS",3/27/2015,0,5,
RSM00023849,"SURGUT, RS",3/28/2015,1,,-12
RSM00023849,"SURGUT, RS",3/29/2015,21,,1
RSM00023849,"SURGUT, RS",3/30/2015,28,34,
RSM00023849,"SURGUT, RS",3/31/2015,28,40,14
RSM00023849,"SURGUT, RS",4/1/2015,31,43,18
RSM00023849,"SURGUT, RS",4/2/2015,29,43,
RSM00023849,"SURGUT, RS",4/3/2015,32,,
RSM00023849,"SURGUT, RS",4/4/2015,34,43,22
RSM00023849,"SURGUT, RS",4/5/2015,36,47,23
RSM00023849,"SURGUT, RS",4/6/2015,38,,25
RSM00023849,"SURGUT, RS",4/7/2015,38,51,26
RSM00023849,"SURGUT, RS",4/29/2015,40,47,26
RSM00023849,"SURGUT, RS",4/30/2015,36,41,
RSM00023849,"SURGUT, RS",5/1/2015,44,67,28
RSM00023849,"SURGUT, RS",5/2/2015,40,47,33
RSM00023849,"SURGUT, RS",5/3/2015,51,,34
RSM00023849,"SURGUT, RS",5/4/2015,57,,
RSM00023849,"SURGUT, RS",5/5/2015,63,73,44
RSM00023849,"SURGUT, RS",5/6/2015,49,,
RSM00023849,"SURGUT, RS",5/7/2015,37,42,
RSM00023849,"SURGUT, RS",5/8/2015,43,,30
RSM00023849,"SURGUT, RS",5/9/2015,39,46,
RSM00023849,"SURGUT, RS",5/10/2015,40,,31
RSM00023849,"SURGUT, RS",5/11/2015,44,52,
RSM00023849,"SURGUT, RS",5/12/2015,54,65,31
RSM00023849,"SURGUT, RS",5/13/2015,61,74,
RSM00023849,"SURGUT, RS",5/14/2015,63,75,43
RSM00023849,"SURGUT, RS",5/15/2015,63,75,
RSM00023849,"SURGUT, RS",5/16/2015,64,77,45
RSM00023849,"SURGUT, RS",5/17/2015,63,74,
RSM00023849,"SURGUT, RS",5/18/2015,63,,46
RSM00023849,"SURGUT, RS",5/19/2015,57,67,
RSM00023849,"SURGUT, RS",5/20/2015,54,66,
RSM00023849,"SURGUT, RS",5/21/2015,44,,
RSM00023849,"SURGUT, RS",5/22/2015,42,46,38
RSM00023849,"SURGUT, RS",5/23/2015,49,,42
RSM00023849,"SURGUT, RS",5/24/2015,48,,
RSM00023849,"SURGUT, RS",5/25/2015,51,59,39
RSM00023849,"SURGUT, RS",5/26/2015,53,58,43
RSM00023849,"SURGUT, RS",5/27/2015,52,64,
RSM00023849,"SURGUT, RS",5/28/2015,46,51,38
RSM00023849,"SURGUT, RS",5/29/2015,44,51,
RSM00023849,"SURGUT, RS",5/30/2015,49,54,34
RSM00023849,"SURGUT, RS",5/31/2015,60,69,42
RSM00023849,"SURGUT, RS",6/1/2015,69,81,54
RSM00023849,"SURGUT, RS",6/2/2015,69,,
RSM00023849,"SURGUT, RS",6/3/2015,66,,51
RSM00023849,"SURGUT, RS",6/4/2015,74,83,52
RSM00023849,"SURGUT, RS",6/5/2015,72,84,
RSM00023849,"SURGUT, RS",6/6/2015,73,83,
RSM00023849,"SURGUT, RS",6/7/2015,71,,
RSM00023849,"SURGUT, RS",6/8/2015,64,69,60
RSM00023849,"SURGUT, RS",6/9/2015,60,65,
RSM00023849,"SURGUT, RS",6/10/2015,52,,
RSM00023849,"SURGUT, RS",6/11/2015,53,60,
RSM00023849,"SURGUT, RS",6/12/2015,59,66,47
RSM00023849,"SURGUT, RS",6/13/2015,62,68,55
RSM00023849,"SURGUT, RS",6/14/2015,56,57,
RSM00023849,"SURGUT, RS",6/15/2015,58,63,
RSM00023849,"SURGUT, RS",6/16/2015,63,,52
RSM00023849,"SURGUT, RS",6/17/2015,71,82,53
RSM00023849,"SURGUT, RS",6/18/2015,74,81,63
RSM00023849,"SURGUT, RS",6/19/2015,65,73,
RSM00023849,"SURGUT, RS",6/20/2015,62,70,
RSM00023849,"SURGUT, RS",6/21/2015,67,72,47
RSM00023849,"SURGUT, RS",6/22/2015,71,82,
RSM00023849,"SURGUT, RS",6/23/2015,66,74,
RSM00023849,"SURGUT, RS",6/24/2015,56,64,
RSM00023849,"SURGUT, RS",6/25/2015,63,69,50
RSM00023849,"SURGUT, RS",6/26/2015,67,72,55
RSM00023849,"SURGUT, RS",6/27/2015,72,80,59
RSM00023849,"SURGUT, RS",6/28/2015,77,84,62
RSM00023849,"SURGUT, RS",6/29/2015,78,87,
RSM00023849,"SURGUT, RS",6/30/2015,69,87,
RSM00023849,"SURGUT, RS",7/1/2015,60,63,56
RSM00023849,"SURGUT, RS",7/2/2015,62,,58
RSM00023849,"SURGUT, RS",7/3/2015,61,72,
RSM00023849,"SURGUT, RS",7/4/2015,46,52,
RSM00023849,"SURGUT, RS",7/5/2015,49,55,38
RSM00023849,"SURGUT, RS",7/6/2015,55,62,47
RSM00023849,"SURGUT, RS",7/7/2015,56,63,51
RSM00023849,"SURGUT, RS",7/8/2015,54,56,
RSM00023849,"SURGUT, RS",7/9/2015,53,61,
RSM00023849,"SURGUT, RS",7/10/2015,58,67,
RSM00023849,"SURGUT, RS",7/11/2015,60,,49
RSM00023849,"SURGUT, RS",7/12/2015,65,,50
RSM00023849,"SURGUT, RS",7/13/2015,68,81,
RSM00023849,"SURGUT, RS",7/14/2015,62,,55
RSM00023849,"SURGUT, RS",7/15/2015,64,70,
RSM00023849,"SURGUT, RS",7/16/2015,62,70,
RSM00023849,"SURGUT, RS",7/17/2015,65,,54
RSM00023849,"SURGUT, RS",7/18/2015,68,77,59
RSM00023849,"SURGUT, RS",7/19/2015,62,74,
RSM00023849,"SURGUT, RS",7/20/2015,56,,
RSM00023849,"SURGUT, RS",7/21/2015,67,75,57
RSM00023849,"SURGUT, RS",7/22/2015,70,,60
RSM00023849,"SURGUT, RS",7/23/2015,67,74,63
RSM00023849,"SURGUT, RS",7/24/2015,66,,
RSM00023849,"SURGUT, RS",7/25/2015,60,63,52
RSM00023849,"SURGUT, RS",7/26/2015,64,70,55
RSM00023849,"SURGUT, RS",7/27/2015,61,,58
RSM00023849,"SURGUT, RS",7/28/2015,66,,
RSM00023849,"SURGUT, RS",7/29/2015,64,72,
RSM00023849,"SURGUT, RS",7/30/2015,60,70,
RSM00023849,"SURGUT, RS",7/31/2015,67,76,50
RSM00023849,"SURGUT, RS",8/1/2015,68,76,61
RSM00023849,"SURGUT, RS",8/2/2015,72,80,60
RSM00023849,"SURGUT, RS",8/3/2015,65,,
RSM00023849,"SURGUT, RS",8/4/2015,63,71,
RSM00023849,"SURGUT, RS",8/5/2015,60,70,51
RSM00023849,"SURGUT, RS",8/6/2015,53,58,
RSM00023849,"SURGUT, RS",8/7/2015,53,,50
RSM00023849,"SURGUT, RS",8/8/2015,56,,50
RSM00023849,"SURGUT, RS",8/9/2015,54,60,
RSM00023849,"SURGUT, RS",8/10/2015,55,62,47
RSM00023849,"SURGUT, RS",8/11/2015,58,66,50
RSM00023849,"SURGUT, RS",8/12/2015,59,68,49
RSM00023849,"SURGUT, RS",8/13/2015,58,66,
RSM00023849,"SURGUT, RS",8/14/2015,53,,
RSM00023849,"SURGUT, RS",8/15/2015,56,,42
RSM00023849,"SURGUT, RS",8/16/2015,59,68,
RSM00023849,"SURGUT, RS",8/17/2015,56,62,50
RSM00023849,"SURGUT, RS",8/18/2015,52,54,
RSM00023849,"SURGUT, RS",8/19/2015,53,56,50
RSM00023849,"SURGUT, RS",8/20/2015,51,54,
RSM00023849,"SURGUT, RS",8/21/2015,50,56,
RSM00023849,"SURGUT, RS",8/22/2015,46,,
RSM00023849,"SURGUT, RS",8/23/2015,47,52,39
RSM00023849,"SURGUT, RS",8/24/2015,47,51,
RSM00023849,"SURGUT, RS",8/25/2015,45,54,
RSM00023849,"SURGUT, RS",8/26/2015,49,57,32
RSM00023849,"SURGUT, RS",8/27/2015,49,56,43
RSM00023849,"SURGUT, RS",8/28/2015,52,,44
RSM00023849,"SURGUT, RS",8/29/2015,50,54,46
RSM00023849,"SURGUT, RS",8/30/2015,47,50,
RSM00023849,"SURGUT, RS",8/31/2015,52,59,40
RSM00023849,"SURGUT, RS",9/1/2015,57,60,52
RSM00023849,"SURGUT, RS",9/2/2015,52,58,
RSM00023849,"SURGUT, RS",9/3/2015,49,,
RSM00023849,"SURGUT, RS",9/4/2015,48,53,40
RSM00023849,"SURGUT, RS",9/5/2015,49,56,
RSM00023849,"SURGUT, RS",9/6/2015,53,,41
RSM00023849,"SURGUT, RS",9/7/2015,54,,
RSM00023849,"SURGUT, RS",9/8/2015,54,,
RSM00023849,"SURGUT, RS",9/9/2015,62,,55
RSM00023849,"SURGUT, RS",9/10/2015,58,65,
RSM00023849,"SURGUT, RS",9/11/2015,46,52,
RSM00023849,"SURGUT, RS",9/12/2015,43,49,
RSM00023849,"SURGUT, RS",9/13/2015,42,,
RSM00023849,"SURGUT, RS",9/14/2015,40,43,34
RSM00023849,"SURGUT, RS",9/15/2015,40,47,
RSM00023849,"SURGUT, RS",9/16/2015,38,43,
RSM00023849,"SURGUT, RS",9/17/2015,39,45,31
RSM00023849,"SURGUT, RS",9/18/2015,42,46,34
RSM00023849,"SURGUT, RS",9/19/2015,43,49,36
RSM00023849,"SURGUT, RS",9/20/2015,41,45,
RSM00023849,"SURGUT, RS",9/21/2015,41,,35
RSM00023849,"SURGUT, RS",9/22/2015,40,43,
RSM00023849,"SURGUT, RS",9/23/2015,38,45,
RSM00023849,"SURGUT, RS",9/24/2015,38,,
RSM00023849,"SURGUT, RS",9/25/2015,35,,
RSM00023849,"SURGUT, RS",9/26/2015,37,49,24
RSM00023849,"SURGUT, RS",9/27/2015,44,,27
RSM00023849,"SURGUT, RS",9/28/2015,48,52,
RSM00023849,"SURGUT, RS",9/29/2015,34,37,
RSM00023849,"SURGUT, RS",9/30/2015,29,,
RSM00023849,"SURGUT, RS",10/1/2015,31,,
RSM00023849,"SURGUT, RS",10/2/2015,32,,
RSM00023849,"SURGUT, RS",10/3/2015,38,40,31
RSM00023849,"SURGUT, RS",10/4/2015,35,39,
RSM00023849,"SURGUT, RS",10/5/2015,32,,30
RSM00023849,"SURGUT, RS",10/6/2015,35,,32
RSM00023849,"SURGUT, RS",10/7/2015,33,,
RSM00023849,"SURGUT, RS",10/8/2015,33,34,31
RSM00023849,"SURGUT, RS",10/9/2015,38,45,
RSM00023849,"SURGUT, RS",10/10/2015,34,,29
RSM00023849,"SURGUT, RS",10/11/2015,35,,28
RSM00023849,"SURGUT, RS",10/12/2015,34,38,
RSM00023849,"SURGUT, RS",10/13/2015,28,,
RSM00023849,"SURGUT, RS",10/14/2015,26,,
RSM00023849,"SURGUT, RS",10/15/2015,19,,
RSM00023849,"SURGUT, RS",10/16/2015,20,23,17
RSM00023849,"SURGUT, RS",10/17/2015,20,,17
RSM00023849,"SURGUT, RS",10/18/2015,27,,20
RSM00023849,"SURGUT, RS",10/19/2015,19,,
RSM00023849,"SURGUT, RS",10/20/2015,9,,
RSM00023849,"SURGUT, RS",10/21/2015,-1,,
RSM00023849,"SURGUT, RS",10/22/2015,9,,-9
RSM00023849,"SURGUT, RS",10/23/2015,24,,
RSM00023849,"SURGUT, RS",10/24/2015,32,34,28
RSM00023849,"SURGUT, RS",10/25/2015,31,33,
RSM00023849,"SURGUT, RS",10/26/2015,31,33,27
RSM00023849,"SURGUT, RS",10/27/2015,30,31,27
RSM00023849,"SURGUT, RS",10/28/2015,32,,29
RSM00023849,"SURGUT, RS",10/29/2015,33,,31
RSM00023849,"SURGUT, RS",10/30/2015,28,,
RSM00023849,"SURGUT, RS",10/31/2015,18,20,
RSM00023849,"SURGUT, RS",11/1/2015,14,18,10
RSM00023849,"SURGUT, RS",11/2/2015,13,,
RSM00023849,"SURGUT, RS",11/3/2015,19,,11
RSM00023849,"SURGUT, RS",11/4/2015,30,,20
RSM00023849,"SURGUT, RS",11/5/2015,32,,
RSM00023849,"SURGUT, RS",11/6/2015,31,,30
RSM00023849,"SURGUT, RS",11/7/2015,28,32,
RSM00023849,"SURGUT, RS",11/8/2015,17,20,
RSM00023849,"SURGUT, RS",11/9/2015,14,16,
RSM00023849,"SURGUT, RS",11/10/2015,3,,
RSM00023849,"SURGUT, RS",11/11/2015,-1,1,-5
RSM00023849,"SURGUT, RS",11/12/2015,0,,
RSM00023849,"SURGUT, RS",11/13/2015,1,,-7
RSM00023849,"SURGUT, RS",11/14/2015,1,,
RSM00023849,"SURGUT, RS",11/15/2015,-7,0,
RSM00023849,"SURGUT, RS",11/16/2015,-9,-3,-14
RSM00023849,"SURGUT, RS",11/17/2015,-8,,
RSM00023849,"SURGUT, RS",11/18/2015,0,5,-14
RSM00023849,"SURGUT, RS",11/19/2015,-6,,
RSM00023849,"SURGUT, RS",11/20/2015,-12,-7,
RSM00023849,"SURGUT, RS",11/21/2015,-12,,-18
RSM00023849,"SURGUT, RS",11/22/2015,-5,,-12
RSM00023849,"SURGUT, RS",11/23/2015,6,,-7
RSM00023849,"SURGUT, RS",11/24/2015,11,,
RSM00023849,"SURGUT, RS",11/25/2015,19,,8
RSM00023849,"SURGUT, RS",11/26/2015,20,,
RSM00023849,"SURGUT, RS",11/27/2015,19,21,
RSM00023849,"SURGUT, RS",11/28/2015,20,22,17
RSM00023849,"SURGUT, RS",11/29/2015,16,,
RSM00023849,"SURGUT, RS",11/30/2015,28,32,13
RSM00023849,"SURGUT, RS",12/1/2015,28,,
RSM00023849,"SURGUT, RS",12/2/2015,21,,
RSM00023849,"SURGUT, RS",12/3/2015,16,,
RSM00023849,"SURGUT, RS",12/4/2015,19,,16
RSM00023849,"SURGUT, RS",12/5/2015,19,20,
RSM00023849,"SURGUT, RS",12/6/2015,13,,
RSM00023849,"SURGUT, RS",12/7/2015,24,,10
RSM00023849,"SURGUT, RS",12/8/2015,29,,27
RSM00023849,"SURGUT, RS",12/9/2015,27,,
RSM00023849,"SURGUT, RS",12/10/2015,17,20,
RSM00023849,"SURGUT, RS",12/11/2015,18,,10
RSM00023849,"SURGUT, RS",12/12/2015,17,32,
RSM00023849,"SURGUT, RS",12/13/2015,7,,-13
RSM00023849,"SURGUT, RS",12/14/2015,24,,16
RSM00023849,"SURGUT, RS",12/15/2015,11,,
RSM00023849,"SURGUT, RS",12/16/2015,6,,3
RSM00023849,"SURGUT, RS",12/17/2015,3,,
RSM00023849,"SURGUT, RS",12/18/2015,-10,,
RSM00023849,"SURGUT, RS",12/19/2015,-19,,
RSM00023849,"SURGUT, RS",12/20/2015,-28,,
RSM00023849,"SURGUT, RS",12/21/2015,-28,,-33
RSM00023849,"SURGUT, RS",12/22/2015,-14,,-31
RSM00023849,"SURGUT, RS",12/23/2015,-5,,-14
RSM00023849,"SURGUT, RS",12/24/2015,-2,1,
RSM00023849,"SURGUT, RS",12/25/2015,-3,,-6
RSM00023849,"SURGUT, RS",12/26/2015,3,,-5
RSM00023849,"SURGUT, RS",12/27/2015,1,,
RSM00023849,"SURGUT, RS",12/28/2015,-8,-3,
RSM00023849,"SURGUT, RS",12/29/2015,-13,,-19
RSM00023849,"SURGUT, RS",12/30/2015,-16,,-21
RSM00023849,"SURGUT, RS",12/31/2015,-12,,
RSM00023849,"SURGUT, RS",1/1/2016,-14,-7,
RSM00023849,"SURGUT, RS",1/2/2016,-22,,
RSM00023849,"SURGUT, RS",1/3/2016,-18,-15,-24
RSM00023849,"SURGUT, RS",1/4/2016,-17,,-22
RSM00023849,"SURGUT, RS",1/5/2016,-16,-13,
RSM00023849,"SURGUT, RS",1/6/2016,-9,,-18
RSM00023849,"SURGUT, RS",1/7/2016,-4,-2,
RSM00023849,"SURGUT, RS",1/8/2016,-17,,
RSM00023849,"SURGUT, RS",1/9/2016,-4,,-22
RSM00023849,"SURGUT, RS",1/10/2016,6,,-2
RSM00023849,"SURGUT, RS",1/11/2016,13,,4
RSM00023849,"SURGUT, RS",1/12/2016,17,,14
RSM00023849,"SURGUT, RS",1/13/2016,20,22,18
RSM00023849,"SURGUT, RS",1/14/2016,16,,
RSM00023849,"SURGUT, RS",1/15/2016,6,,
RSM00023849,"SURGUT, RS",1/16/2016,-6,,
RSM00023849,"SURGUT, RS",1/17/2016,-21,,
RSM00023849,"SURGUT, RS",1/18/2016,-26,-21,
RSM00023849,"SURGUT, RS",1/19/2016,-16,,-29
RSM00023849,"SURGUT, RS",1/20/2016,-2,,-15
RSM00023849,"SURGUT, RS",1/21/2016,5,,1
RSM00023849,"SURGUT, RS",1/22/2016,5,,
RSM00023849,"SURGUT, RS",1/23/2016,0,,
RSM00023849,"SURGUT, RS",1/24/2016,-1,,-10
RSM00023849,"SURGUT, RS",1/25/2016,1,5,-3
RSM00023849,"SURGUT, RS",1/26/2016,1,,-3
RSM00023849,"SURGUT, RS",1/27/2016,-4,5,
RSM00023849,"SURGUT, RS",1/28/2016,-3,3,-13
RSM00023849,"SURGUT, RS",1/29/2016,-6,-2,-10
RSM00023849,"SURGUT, RS",1/30/2016,-3,,
RSM00023849,"SURGUT, RS",1/31/2016,1,,-3
RSM00023849,"SURGUT, RS",2/1/2016,2,,-3
RSM00023849,"SURGUT, RS",2/2/2016,19,22,2
RSM00023849,"SURGUT, RS",2/3/2016,23,27,
RSM00023849,"SURGUT, RS",2/4/2016,19,23,
RSM00023849,"SURGUT, RS",2/5/2016,16,,
RSM00023849,"SURGUT, RS",2/6/2016,19,27,
RSM00023849,"SURGUT, RS",2/7/2016,12,,6
RSM00023849,"SURGUT, RS",2/8/2016,11,15,
RSM00023849,"SURGUT, RS",2/9/2016,-6,,
RSM00023849,"SURGUT, RS",2/10/2016,4,,
RSM00023849,"SURGUT, RS",2/11/2016,19,,13
RSM00023849,"SURGUT, RS",2/12/2016,21,,18
RSM00023849,"SURGUT, RS",2/13/2016,23,,
RSM00023849,"SURGUT, RS",2/14/2016,22,24,19
RSM00023849,"SURGUT, RS",2/15/2016,22,,
RSM00023849,"SURGUT, RS",2/16/2016,13,23,
RSM00023849,"SURGUT, RS",2/17/2016,15,,
RSM00023849,"SURGUT, RS",2/18/2016,18,,11
RSM00023849,"SURGUT, RS",2/19/2016,17,,
RSM00023849,"SURGUT, RS",2/20/2016,16,,5
RSM00023849,"SURGUT, RS",2/21/2016,17,25,
RSM00023849,"SURGUT, RS",2/22/2016,20,23,7
RSM00023849,"SURGUT, RS",2/23/2016,19,,
RSM00023849,"SURGUT, RS",2/24/2016,27,32,
RSM00023849,"SURGUT, RS",2/25/2016,30,,19
RSM00023849,"SURGUT, RS",2/26/2016,35,,30
RSM00023849,"SURGUT, RS",2/27/2016,34,,
RSM00023849,"SURGUT, RS",2/28/2016,29,32,25
RSM00023849,"SURGUT, RS",2/29/2016,23,,
RSM00023849,"SURGUT, RS",3/1/2016,20,25,13
RSM00023849,"SURGUT, RS",3/2/2016,7,,
RSM00023849,"SURGUT, RS",3/3/2016,2,13,
RSM00023849,"SURGUT, RS",3/4/2016,-1,9,-13
RSM00023849,"SURGUT, RS",3/5/2016,-4,6,-14
RSM00023849,"SURGUT, RS",3/6/2016,0,,-13
RSM00023849,"SURGUT, RS",3/7/2016,11,,-3
RSM00023849,"SURGUT, RS",3/8/2016,17,24,9
RSM00023849,"SURGUT, RS",3/9/2016,16,27,
RSM00023849,"SURGUT, RS",3/10/2016,23,27,4
RSM00023849,"SURGUT, RS",3/11/2016,29,,22
RSM00023849,"SURGUT, RS",3/12/2016,28,33,25
RSM00023849,"SURGUT, RS",3/13/2016,17,,
RSM00023849,"SURGUT, RS",3/14/2016,-5,,
RSM00023849,"SURGUT, RS",3/15/2016,9,18,-12
RSM00023849,"SURGUT, RS",3/16/2016,18,,
RSM00023849,"SURGUT, RS",3/17/2016,14,,8
RSM00023849,"SURGUT, RS",3/18/2016,23,27,16
RSM00023849,"SURGUT, RS",3/19/2016,30,36,
RSM00023849,"SURGUT, RS",3/20/2016,31,40,
RSM00023849,"SURGUT, RS",3/21/2016,25,,23
RSM00023849,"SURGUT, RS",3/22/2016,23,,
RSM00023849,"SURGUT, RS",3/23/2016,20,,
RSM00023849,"SURGUT, RS",3/24/2016,25,33,
RSM00023849,"SURGUT, RS",3/25/2016,25,,
RSM00023849,"SURGUT, RS",3/26/2016,22,33,
RSM00023849,"SURGUT, RS",3/27/2016,20,31,3
RSM00023849,"SURGUT, RS",3/28/2016,24,34,12
RSM00023849,"SURGUT, RS",3/29/2016,27,38,11
RSM00023849,"SURGUT, RS",3/30/2016,31,43,19
RSM00023849,"SURGUT, RS",3/31/2016,36,,19
RSM00023849,"SURGUT, RS",4/1/2016,38,51,24
RSM00023849,"SURGUT, RS",4/2/2016,39,50,23
RSM00023849,"SURGUT, RS",4/3/2016,38,50,
RSM00023849,"SURGUT, RS",4/4/2016,38,48,
RSM00023849,"SURGUT, RS",4/5/2016,35,42,26
RSM00023849,"SURGUT, RS",4/6/2016,36,42,28
RSM00023849,"SURGUT, RS",4/7/2016,38,,
RSM00023849,"SURGUT, RS",4/8/2016,34,42,
RSM00023849,"SURGUT, RS",4/9/2016,39,48,23
RSM00023849,"SURGUT, RS",4/10/2016,36,40,
RSM00023849,"SURGUT, RS",4/11/2016,33,38,
RSM00023849,"SURGUT, RS",4/12/2016,23,27,
RSM00023849,"SURGUT, RS",4/13/2016,26,33,
RSM00023849,"SURGUT, RS",4/14/2016,39,,24
RSM00023849,"SURGUT, RS",4/15/2016,40,47,
RSM00023849,"SURGUT, RS",4/16/2016,44,53,
RSM00023849,"SURGUT, RS",4/17/2016,36,,
RSM00023849,"SURGUT, RS",4/18/2016,45,59,
RSM00023849,"SURGUT, RS",4/19/2016,34,39,
RSM00023849,"SURGUT, RS",4/20/2016,35,,
RSM00023849,"SURGUT, RS",4/21/2016,44,53,33
RSM00023849,"SURGUT, RS",4/22/2016,46,56,
RSM00023849,"SURGUT, RS",4/23/2016,51,61,36
RSM00023849,"SURGUT, RS",4/24/2016,42,,
RSM00023849,"SURGUT, RS",4/25/2016,39,45,
RSM00023849,"SURGUT, RS",4/26/2016,38,42,32
RSM00023849,"SURGUT, RS",4/27/2016,42,52,
RSM00023849,"SURGUT, RS",4/28/2016,37,45,
RSM00023849,"SURGUT, RS",4/29/2016,39,,28
RSM00023849,"SURGUT, RS",4/30/2016,38,57,
RSM00023849,"SURGUT, RS",5/1/2016,28,34,22
RSM00023849,"SURGUT, RS",5/2/2016,31,38,24
RSM00023849,"SURGUT, RS",5/3/2016,47,56,29
RSM00023849,"SURGUT, RS",5/4/2016,50,,38
RSM00023849,"SURGUT, RS",5/5/2016,44,66,
RSM00023849,"SURGUT, RS",5/6/2016,22,27,17
RSM00023849,"SURGUT, RS",5/7/2016,27,34,19
RSM00023849,"SURGUT, RS",5/8/2016,27,29,
RSM00023849,"SURGUT, RS",5/9/2016,32,39,27
RSM00023849,"SURGUT, RS",5/10/2016,44,54,28
RSM00023849,"SURGUT, RS",5/11/2016,39,41,
RSM00023849,"SURGUT, RS",5/12/2016,41,47,33
RSM00023849,"SURGUT, RS",5/13/2016,40,,
RSM00023849,"SURGUT, RS",5/14/2016,29,34,
RSM00023849,"SURGUT, RS",5/15/2016,28,33,
RSM00023849,"SURGUT, RS",5/16/2016,40,53,20
RSM00023849,"SURGUT, RS",5/17/2016,44,,31
RSM00023849,"SURGUT, RS",5/18/2016,60,70,43
RSM00023849,"SURGUT, RS",5/19/2016,65,78,49
RSM00023849,"SURGUT, RS",5/20/2016,69,81,48
RSM00023849,"SURGUT, RS",5/21/2016,68,80,50
RSM00023849,"SURGUT, RS",5/22/2016,74,83,53
RSM00023849,"SURGUT, RS",5/23/2016,66,77,
RSM00023849,"SURGUT, RS",5/24/2016,72,85,51
RSM00023849,"SURGUT, RS",5/25/2016,68,81,
RSM00023849,"SURGUT, RS",5/26/2016,48,54,
RSM00023849,"SURGUT, RS",5/27/2016,55,,
RSM00023849,"SURGUT, RS",5/28/2016,44,48,35
RSM00023849,"SURGUT, RS",5/29/2016,47,53,40
RSM00023849,"SURGUT, RS",5/30/2016,40,49,
RSM00023849,"SURGUT, RS",5/31/2016,37,42,
RSM00023849,"SURGUT, RS",6/1/2016,35,,33
RSM00023849,"SURGUT, RS",6/2/2016,45,54,34
RSM00023849,"SURGUT, RS",6/3/2016,61,70,43
RSM00023849,"SURGUT, RS",6/4/2016,65,,53
RSM00023849,"SURGUT, RS",6/5/2016,62,72,53
RSM00023849,"SURGUT, RS",6/6/2016,60,69,54
RSM00023849,"SURGUT, RS",6/7/2016,60,67,
RSM00023849,"SURGUT, RS",6/8/2016,68,,49
RSM00023849,"SURGUT, RS",6/9/2016,70,84,55
RSM00023849,"SURGUT, RS",6/10/2016,67,75,
RSM00023849,"SURGUT, RS",6/11/2016,68,,54
RSM00023849,"SURGUT, RS",6/12/2016,72,80,58
RSM00023849,"SURGUT, RS",6/13/2016,75,,64
RSM00023849,"SURGUT, RS",6/14/2016,70,81,
RSM00023849,"SURGUT, RS",6/15/2016,62,69,
RSM00023849,"SURGUT, RS",6/16/2016,61,68,
RSM00023849,"SURGUT, RS",6/17/2016,60,68,51
RSM00023849,"SURGUT, RS",6/18/2016,66,78,52
RSM00023849,"SURGUT, RS",6/19/2016,69,78,53
RSM00023849,"SURGUT, RS",6/20/2016,72,82,54
RSM00023849,"SURGUT, RS",6/21/2016,76,84,56
RSM00023849,"SURGUT, RS",6/22/2016,71,,
RSM00023849,"SURGUT, RS",6/23/2016,70,79,
RSM00023849,"SURGUT, RS",6/24/2016,74,,56
RSM00023849,"SURGUT, RS",6/25/2016,60,65,
RSM00023849,"SURGUT, RS",6/26/2016,60,63,56
RSM00023849,"SURGUT, RS",6/27/2016,67,75,60
RSM00023849,"SURGUT, RS",6/28/2016,62,67,
RSM00023849,"SURGUT, RS",6/29/2016,67,77,
RSM00023849,"SURGUT, RS",6/30/2016,65,75,
RSM00023849,"SURGUT, RS",7/1/2016,66,,59
RSM00023849,"SURGUT, RS",7/2/2016,67,,60
RSM00023849,"SURGUT, RS",7/3/2016,67,,62
RSM00023849,"SURGUT, RS",7/4/2016,71,78,62
RSM00023849,"SURGUT, RS",7/5/2016,67,78,
RSM00023849,"SURGUT, RS",7/6/2016,68,77,60
RSM00023849,"SURGUT, RS",7/7/2016,69,77,60
RSM00023849,"SURGUT, RS",7/8/2016,70,77,62
RSM00023849,"SURGUT, RS",7/9/2016,68,78,
RSM00023849,"SURGUT, RS",7/10/2016,68,,61
RSM00023849,"SURGUT, RS",7/11/2016,73,81,63
RSM00023849,"SURGUT, RS",7/12/2016,71,80,
RSM00023849,"SURGUT, RS",7/13/2016,74,,62
RSM00023849,"SURGUT, RS",7/14/2016,69,83,
RSM00023849,"SURGUT, RS",7/15/2016,68,70,64
RSM00023849,"SURGUT, RS",7/16/2016,69,74,65
RSM00023849,"SURGUT, RS",7/17/2016,70,,
RSM00023849,"SURGUT, RS",7/18/2016,73,,58
RSM00023849,"SURGUT, RS",7/19/2016,74,83,63
RSM00023849,"SURGUT, RS",7/20/2016,75,84,
RSM00023849,"SURGUT, RS",7/21/2016,75,83,63
RSM00023849,"SURGUT, RS",7/22/2016,77,85,66
RSM00023849,"SURGUT, RS",7/23/2016,72,85,
RSM00023849,"SURGUT, RS",7/24/2016,64,71,
RSM00023849,"SURGUT, RS",7/25/2016,60,67,
RSM00023849,"SURGUT, RS",7/26/2016,62,70,
RSM00023849,"SURGUT, RS",7/27/2016,67,76,52
RSM00023849,"SURGUT, RS",7/28/2016,64,74,
RSM00023849,"SURGUT, RS",7/29/2016,64,74,51
RSM00023849,"SURGUT, RS",7/30/2016,56,63,
RSM00023849,"SURGUT, RS",7/31/2016,55,63,
RSM00023849,"SURGUT, RS",8/1/2016,63,71,44
RSM00023849,"SURGUT, RS",8/2/2016,61,,
RSM00023849,"SURGUT, RS",8/3/2016,64,71,
RSM00023849,"SURGUT, RS",8/4/2016,75,84,57
RSM00023849,"SURGUT, RS",8/5/2016,79,88,68
RSM00023849,"SURGUT, RS",8/6/2016,68,74,
RSM00023849,"SURGUT, RS",8/7/2016,62,70,
RSM00023849,"SURGUT, RS",8/8/2016,61,,50
RSM00023849,"SURGUT, RS",8/9/2016,68,,55
RSM00023849,"SURGUT, RS",8/10/2016,72,80,64
RSM00023849,"SURGUT, RS",8/11/2016,73,81,
RSM00023849,"SURGUT, RS",8/12/2016,70,80,
RSM00023849,"SURGUT, RS",8/13/2016,73,83,58
RSM00023849,"SURGUT, RS",8/14/2016,77,,65
RSM00023849,"SURGUT, RS",8/15/2016,74,82,
RSM00023849,"SURGUT, RS",8/16/2016,63,73,
RSM00023849,"SURGUT, RS",8/17/2016,67,76,50
RSM00023849,"SURGUT, RS",8/18/2016,68,80,
RSM00023849,"SURGUT, RS",8/19/2016,60,65,
RSM00023849,"SURGUT, RS",8/20/2016,60,65,55
RSM00023849,"SURGUT, RS",8/21/2016,61,69,
RSM00023849,"SURGUT, RS",8/22/2016,67,76,54
RSM00023849,"SURGUT, RS",8/23/2016,63,72,
RSM00023849,"SURGUT, RS",8/24/2016,66,75,47
RSM00023849,"SURGUT, RS",8/25/2016,71,81,61
RSM00023849,"SURGUT, RS",8/26/2016,69,,
RSM00023849,"SURGUT, RS",8/27/2016,49,57,
RSM00023849,"SURGUT, RS",8/28/2016,55,60,39
RSM00023849,"SURGUT, RS",8/29/2016,53,58,
RSM00023849,"SURGUT, RS",8/30/2016,50,55,
RSM00023849,"SURGUT, RS",8/31/2016,49,,
RSM00023849,"SURGUT, RS",9/1/2016,52,57,36
RSM00023849,"SURGUT, RS",9/2/2016,54,56,52
RSM00023849,"SURGUT, RS",9/3/2016,62,,
RSM00023849,"SURGUT, RS",9/4/2016,65,74,
RSM00023849,"SURGUT, RS",9/5/2016,61,,
RSM00023849,"SURGUT, RS",9/6/2016,58,62,51
RSM00023849,"SURGUT, RS",9/7/2016,58,65,
RSM00023849,"SURGUT, RS",9/8/2016,58,,
RSM00023849,"SURGUT, RS",9/9/2016,49,58,
RSM00023849,"SURGUT, RS",9/10/2016,53,,37
RSM00023849,"SURGUT, RS",9/11/2016,52,,
RSM00023849,"SURGUT, RS",9/12/2016,54,63,
RSM00023849,"SURGUT, RS",9/13/2016,52,60,46
RSM00023849,"SURGUT, RS",9/14/2016,53,59,
RSM00023849,"SURGUT, RS",9/15/2016,55,59,48
RSM00023849,"SURGUT, RS",9/16/2016,59,,50
RSM00023849,"SURGUT, RS",9/17/2016,60,,
RSM00023849,"SURGUT, RS",9/18/2016,53,63,
RSM00023849,"SURGUT, RS",9/19/2016,54,59,
RSM00023849,"SURGUT, RS",9/20/2016,54,58,
RSM00023849,"SURGUT, RS",9/21/2016,51,,
RSM00023849,"SURGUT, RS",9/22/2016,51,,
RSM00023849,"SURGUT, RS",9/23/2016,47,60,
RSM00023849,"SURGUT, RS",9/24/2016,47,55,33
RSM00023849,"SURGUT, RS",9/25/2016,51,54,44
RSM00023849,"SURGUT, RS",9/26/2016,53,,51
RSM00023849,"SURGUT, RS",9/27/2016,50,,
RSM00023849,"SURGUT, RS",9/28/2016,45,,
RSM00023849,"SURGUT, RS",9/29/2016,35,,
RSM00023849,"SURGUT, RS",9/30/2016,34,,
RSM00023849,"SURGUT, RS",10/1/2016,35,45,
RSM00023849,"SURGUT, RS",10/2/2016,37,,27
RSM00023849,"SURGUT, RS",10/3/2016,35,,
RSM00023849,"SURGUT, RS",10/4/2016,32,43,
RSM00023849,"SURGUT, RS",10/5/2016,32,43,
RSM00023849,"SURGUT, RS",10/6/2016,30,44,
RSM00023849,"SURGUT, RS",10/7/2016,32,,20
RSM00023849,"SURGUT, RS",10/8/2016,33,,
RSM00023849,"SURGUT, RS",10/9/2016,35,42,26
RSM00023849,"SURGUT, RS",10/10/2016,33,,
RSM00023849,"SURGUT, RS",10/11/2016,32,36,
RSM00023849,"SURGUT, RS",10/12/2016,31,36,
RSM00023849,"SURGUT, RS",10/13/2016,29,31,
RSM00023849,"SURGUT, RS",10/14/2016,28,,24
RSM00023849,"SURGUT, RS",10/15/2016,25,,
RSM00023849,"SURGUT, RS",10/16/2016,27,,18
RSM00023849,"SURGUT, RS",10/17/2016,31,,26
RSM00023849,"SURGUT, RS",10/18/2016,30,31,
RSM00023849,"SURGUT, RS",10/19/2016,27,,
RSM00023849,"SURGUT, RS",10/20/2016,24,28,
RSM00023849,"SURGUT, RS",10/21/2016,20,,
RSM00023849,"SURGUT, RS",10/22/2016,14,22,5
RSM00023849,"SURGUT, RS",10/23/2016,29,,6
RSM00023849,"SURGUT, RS",10/24/2016,30,36,
RSM00023849,"SURGUT, RS",10/25/2016,27,,
RSM00023849,"SURGUT, RS",10/26/2016,33,,26
RSM00023849,"SURGUT, RS",10/27/2016,30,,
RSM00023849,"SURGUT, RS",10/28/2016,25,,
RSM00023849,"SURGUT, RS",10/29/2016,27,,21
RSM00023849,"SURGUT, RS",10/30/2016,25,29,
RSM00023849,"SURGUT, RS",10/31/2016,18,,
RSM00023849,"SURGUT, RS",11/1/2016,14,,
RSM00023849,"SURGUT, RS",11/2/2016,9,,
RSM00023849,"SURGUT, RS",11/3/2016,5,9,
RSM00023849,"SURGUT, RS",11/4/2016,-2,5,
RSM00023849,"SURGUT, RS",11/5/2016,-2,6,-15
RSM00023849,"SURGUT, RS",11/6/2016,6,,-3
RSM00023849,"SURGUT, RS",11/7/2016,8,,
RSM00023849,"SURGUT, RS",11/8/2016,-8,,
RSM00023849,"SURGUT, RS",11/9/2016,-11,,
RSM00023849,"SURGUT, RS",11/10/2016,7,,-15
RSM00023849,"SURGUT, RS",11/11/2016,0,,
RSM00023849,"SURGUT, RS",11/12/2016,-17,,
RSM00023849,"SURGUT, RS",11/13/2016,-22,-16,
RSM00023849,"SURGUT, RS",11/14/2016,-21,-18,
RSM00023849,"SURGUT, RS",11/15/2016,-25,,
RSM00023849,"SURGUT, RS",11/16/2016,-27,-21,
RSM00023849,"SURGUT, RS",11/17/2016,-30,,
RSM00023849,"SURGUT, RS",11/18/2016,-30,-22,-37
RSM00023849,"SURGUT, RS",11/19/2016,-25,,-34
RSM00023849,"SURGUT, RS",11/20/2016,-11,,-27
RSM00023849,"SURGUT, RS",11/21/2016,13,,-7
RSM00023849,"SURGUT, RS",11/22/2016,20,,13
RSM00023849,"SURGUT, RS",11/23/2016,16,19,
RSM00023849,"SURGUT, RS",11/24/2016,21,23,11
RSM00023849,"SURGUT, RS",11/25/2016,23,,
RSM00023849,"SURGUT, RS",11/26/2016,6,,
RSM00023849,"SURGUT, RS",11/27/2016,3,10,
RSM00023849,"SURGUT, RS",11/28/2016,-11,-3,
RSM00023849,"SURGUT, RS",11/29/2016,-3,,-20
RSM00023849,"SURGUT, RS",11/30/2016,-2,,
RSM00023849,"SURGUT, RS",12/1/2016,-16,-12,
RSM00023849,"SURGUT, RS",12/2/2016,-12,,-20
RSM00023849,"SURGUT, RS",12/3/2016,-4,,
RSM00023849,"SURGUT, RS",12/4/2016,2,,-10
RSM00023849,"SURGUT, RS",12/5/2016,2,,
RSM00023849,"SURGUT, RS",12/6/2016,-4,,
RSM00023849,"SURGUT, RS",12/7/2016,-10,-2,
RSM00023849,"SURGUT, RS",12/8/2016,-12,-9,-22
RSM00023849,"SURGUT, RS",12/9/2016,-19,-10,
RSM00023849,"SURGUT, RS",12/10/2016,-16,,-31
RSM00023849,"SURGUT, RS",12/11/2016,14,,-14
RSM00023849,"SURGUT, RS",12/12/2016,4,,
RSM00023849,"SURGUT, RS",12/13/2016,-6,,
RSM00023849,"SURGUT, RS",12/14/2016,-7,-6,
RSM00023849,"SURGUT, RS",12/15/2016,-12,,
RSM00023849,"SURGUT, RS",12/16/2016,-17,,
RSM00023849,"SURGUT, RS",12/17/2016,-27,,
RSM00023849,"SURGUT, RS",12/18/2016,-35,,
RSM00023849,"SURGUT, RS",12/19/2016,-46,-40,
RSM00023849,"SURGUT, RS",12/20/2016,-53,,
RSM00023849,"SURGUT, RS",12/21/2016,-59,,
RSM00023849,"SURGUT, RS",12/22/2016,-52,,
RSM00023849,"SURGUT, RS",12/23/2016,-22,,-51
RSM00023849,"SURGUT, RS",12/24/2016,4,,-14
RSM00023849,"SURGUT, RS",12/25/2016,13,,9
RSM00023849,"SURGUT, RS",12/26/2016,18,,12
RSM00023849,"SURGUT, RS",12/27/2016,12,,
RSM00023849,"SURGUT, RS",12/28/2016,14,16,7
RSM00023849,"SURGUT, RS",12/29/2016,11,,
RSM00023849,"SURGUT, RS",12/30/2016,9,,-9
RSM00023849,"SURGUT, RS",12/31/2016,11,,
RSM00023849,"SURGUT, RS",1/1/2017,17,,5
RSM00023849,"SURGUT, RS",1/2/2017,-22,,
RSM00023849,"SURGUT, RS",1/3/2017,-23,,-38
RSM00023849,"SURGUT, RS",1/4/2017,-19,-10,
RSM00023849,"SURGUT, RS",1/5/2017,-38,,
RSM00023849,"SURGUT, RS",1/6/2017,-45,,
RSM00023849,"SURGUT, RS",1/7/2017,-25,,
RSM00023849,"SURGUT, RS",1/8/2017,-21,,
RSM00023849,"SURGUT, RS",1/9/2017,-33,,
RSM00023849,"SURGUT, RS",1/10/2017,-21,-13,-39
RSM00023849,"SURGUT, RS",1/11/2017,-15,-10,-20
RSM00023849,"SURGUT, RS",1/12/2017,-23,,
RSM00023849,"SURGUT, RS",1/13/2017,-18,,
RSM00023849,"SURGUT, RS",1/14/2017,-13,,
RSM00023849,"SURGUT, RS",1/15/2017,3,,-16
RSM00023849,"SURGUT, RS",1/16/2017,7,,
RSM00023849,"SURGUT, RS",1/17/2017,7,,1
RSM00023849,"SURGUT, RS",1/18/2017,7,,
RSM00023849,"SURGUT, RS",1/19/2017,4,,
RSM00023849,"SURGUT, RS",1/20/2017,4,,
RSM00023849,"SURGUT, RS",1/21/2017,6,,1
RSM00023849,"SURGUT, RS",1/22/2017,11,,6
RSM00023849,"SURGUT, RS",1/23/2017,7,,
RSM00023849,"SURGUT, RS",1/24/2017,2,,
RSM00023849,"SURGUT, RS",1/25/2017,-25,,
RSM00023849,"SURGUT, RS",1/26/2017,-17,,-30
RSM00023849,"SURGUT, RS",1/27/2017,4,,-13
RSM00023849,"SURGUT, RS",1/28/2017,5,,
RSM00023849,"SURGUT, RS",1/29/2017,15,17,5
RSM00023849,"SURGUT, RS",1/30/2017,14,,
RSM00023849,"SURGUT, RS",1/31/2017,18,,11
RSM00023849,"SURGUT, RS",2/1/2017,10,,
RSM00023849,"SURGUT, RS",2/2/2017,4,,
RSM00023849,"SURGUT, RS",2/3/2017,3,,-3
RSM00023849,"SURGUT, RS",2/4/2017,1,5,
RSM00023849,"SURGUT, RS",2/5/2017,-10,,
RSM00023849,"SURGUT, RS",2/6/2017,-22,-14,
RSM00023849,"SURGUT, RS",2/7/2017,-30,-20,
RSM00023849,"SURGUT, RS",2/8/2017,-34,-27,
RSM00023849,"SURGUT, RS",2/9/2017,-33,-25,
RSM00023849,"SURGUT, RS",2/10/2017,-27,-22,-35
RSM00023849,"SURGUT, RS",2/11/2017,-24,,-31
RSM00023849,"SURGUT, RS",2/12/2017,-13,,-23
RSM00023849,"SURGUT, RS",2/13/2017,-7,,-13
RSM00023849,"SURGUT, RS",2/14/2017,6,9,-8
RSM00023849,"SURGUT, RS",2/15/2017,5,,1
RSM00023849,"SURGUT, RS",2/16/2017,9,11,2
RSM00023849,"SURGUT, RS",2/17/2017,10,,-1
RSM00023849,"SURGUT, RS",2/18/2017,15,18,
RSM00023849,"SURGUT, RS",2/19/2017,12,,
RSM00023849,"SURGUT, RS",2/20/2017,7,,
RSM00023849,"SURGUT, RS",2/21/2017,18,30,-1
RSM00023849,"SURGUT, RS",2/22/2017,26,,17
RSM00023849,"SURGUT, RS",2/23/2017,33,36,
RSM00023849,"SURGUT, RS",2/24/2017,19,27,
RSM00023849,"SURGUT, RS",2/25/2017,10,,
RSM00023849,"SURGUT, RS",2/26/2017,17,,4
RSM00023849,"SURGUT, RS",2/27/2017,32,38,
RSM00023849,"SURGUT, RS",2/28/2017,20,,
RSM00023849,"SURGUT, RS",3/1/2017,16,22,11
RSM00023849,"SURGUT, RS",3/2/2017,24,,11
RSM00023849,"SURGUT, RS",3/3/2017,32,,27
RSM00023849,"SURGUT, RS",3/4/2017,32,,
RSM00023849,"SURGUT, RS",3/5/2017,32,,
RSM00023849,"SURGUT, RS",3/6/2017,29,,
RSM00023849,"SURGUT, RS",3/7/2017,23,30,
RSM00023849,"SURGUT, RS",3/8/2017,9,,2
RSM00023849,"SURGUT, RS",3/9/2017,19,,5
RSM00023849,"SURGUT, RS",3/10/2017,21,,14
RSM00023849,"SURGUT, RS",3/11/2017,30,36,22
RSM00023849,"SURGUT, RS",3/12/2017,31,,27
RSM00023849,"SURGUT, RS",3/13/2017,27,,
RSM00023849,"SURGUT, RS",3/14/2017,17,20,
RSM00023849,"SURGUT, RS",3/15/2017,16,27,2
RSM00023849,"SURGUT, RS",3/16/2017,22,30,11
RSM00023849,"SURGUT, RS",3/17/2017,26,34,
RSM00023849,"SURGUT, RS",3/18/2017,31,40,19
RSM00023849,"SURGUT, RS",3/19/2017,28,36,
RSM00023849,"SURGUT, RS",3/20/2017,28,36,
RSM00023849,"SURGUT, RS",3/21/2017,28,37,19
RSM00023849,"SURGUT, RS",3/22/2017,31,37,
RSM00023849,"SURGUT, RS",3/23/2017,33,,
RSM00023849,"SURGUT, RS",3/24/2017,33,42,
RSM00023849,"SURGUT, RS",3/25/2017,29,36,
RSM00023849,"SURGUT, RS",3/26/2017,32,38,26
RSM00023849,"SURGUT, RS",3/27/2017,32,,
RSM00023849,"SURGUT, RS",3/28/2017,32,38,
RSM00023849,"SURGUT, RS",3/29/2017,31,34,
RSM00023849,"SURGUT, RS",3/30/2017,32,,
RSM00023849,"SURGUT, RS",3/31/2017,24,,
RSM00023849,"SURGUT, RS",4/1/2017,19,25,6
RSM00023849,"SURGUT, RS",4/2/2017,23,29,13
RSM00023849,"SURGUT, RS",4/3/2017,23,29,
RSM00023849,"SURGUT, RS",4/4/2017,13,21,
RSM00023849,"SURGUT, RS",4/5/2017,20,,
RSM00023849,"SURGUT, RS",4/6/2017,33,,9
RSM00023849,"SURGUT, RS",4/7/2017,22,,
RSM00023849,"SURGUT, RS",4/8/2017,15,22,7
RSM00023849,"SURGUT, RS",4/9/2017,31,,13
RSM00023849,"SURGUT, RS",4/10/2017,38,46,
RSM00023849,"SURGUT, RS",4/11/2017,37,41,28
RSM00023849,"SURGUT, RS",4/12/2017,40,,35
RSM00023849,"SURGUT, RS",4/13/2017,30,,
RSM00023849,"SURGUT, RS",4/14/2017,31,,
RSM00023849,"SURGUT, RS",4/15/2017,37,,19
RSM00023849,"SURGUT, RS",4/16/2017,38,,
RSM00023849,"SURGUT, RS",4/17/2017,33,38,
RSM00023849,"SURGUT, RS",4/18/2017,35,40,25
RSM00023849,"SURGUT, RS",4/19/2017,31,36,
RSM00023849,"SURGUT, RS",4/20/2017,24,31,
RSM00023849,"SURGUT, RS",4/21/2017,33,,18
RSM00023849,"SURGUT, RS",4/22/2017,34,,
RSM00023849,"SURGUT, RS",4/23/2017,39,,26
RSM00023849,"SURGUT, RS",4/24/2017,41,47,30
RSM00023849,"SURGUT, RS",4/25/2017,46,,33
RSM00023849,"SURGUT, RS",4/26/2017,44,53,
RSM00023849,"SURGUT, RS",4/27/2017,33,37,
RSM00023849,"SURGUT, RS",4/28/2017,40,,27
RSM00023849,"SURGUT, RS",4/29/2017,35,41,
RSM00023849,"SURGUT, RS",4/30/2017,33,,
RSM00023849,"SURGUT, RS",5/1/2017,30,32,
RSM00023849,"SURGUT, RS",5/2/2017,26,,
RSM00023849,"SURGUT, RS",5/3/2017,39,,21
RSM00023849,"SURGUT, RS",5/4/2017,41,,
RSM00023849,"SURGUT, RS",5/5/2017,36,43,
RSM00023849,"SURGUT, RS",5/6/2017,40,48,28
RSM00023849,"SURGUT, RS",5/7/2017,40,,
RSM00023849,"SURGUT, RS",5/8/2017,31,38,
RSM00023849,"SURGUT, RS",5/9/2017,37,45,22
RSM00023849,"SURGUT, RS",5/10/2017,38,,
RSM00023849,"SURGUT, RS",5/11/2017,42,50,
RSM00023849,"SURGUT, RS",5/12/2017,44,,
RSM00023849,"SURGUT, RS",5/13/2017,46,,32
RSM00023849,"SURGUT, RS",5/14/2017,38,48,
RSM00023849,"SURGUT, RS",5/15/2017,26,33,
RSM00023849,"SURGUT, RS",5/16/2017,26,33,18
RSM00023849,"SURGUT, RS",5/17/2017,34,,20
RSM00023849,"SURGUT, RS",5/18/2017,45,51,32
RSM00023849,"SURGUT, RS",5/19/2017,39,46,
RSM00023849,"SURGUT, RS",5/20/2017,41,,
RSM00023849,"SURGUT, RS",5/21/2017,49,58,
RSM00023849,"SURGUT, RS",5/22/2017,44,46,
RSM00023849,"SURGUT, RS",5/23/2017,40,47,
RSM00023849,"SURGUT, RS",5/24/2017,34,,
RSM00023849,"SURGUT, RS",5/25/2017,44,54,30
RSM00023849,"SURGUT, RS",5/26/2017,46,51,33
RSM00023849,"SURGUT, RS",5/27/2017,63,76,44
RSM00023849,"SURGUT, RS",5/28/2017,59,69,
RSM00023849,"SURGUT, RS",5/29/2017,40,,
RSM00023849,"SURGUT, RS",5/30/2017,35,,
RSM00023849,"SURGUT, RS",5/31/2017,43,,
RSM00023849,"SURGUT, RS",6/1/2017,43,50,
RSM00023849,"SURGUT, RS",6/2/2017,54,60,29
RSM00023849,"SURGUT, RS",6/3/2017,58,65,
RSM00023849,"SURGUT, RS",6/4/2017,67,78,53
RSM00023849,"SURGUT, RS",6/5/2017,61,73,
RSM00023849,"SURGUT, RS",6/6/2017,58,,
RSM00023849,"SURGUT, RS",6/7/2017,56,65,
RSM00023849,"SURGUT, RS",6/8/2017,58,67,45
RSM00023849,"SURGUT, RS",6/9/2017,60,68,45
RSM00023849,"SURGUT, RS",6/10/2017,49,,
RSM00023849,"SURGUT, RS",6/11/2017,48,54,37
RSM00023849,"SURGUT, RS",6/12/2017,57,67,
RSM00023849,"SURGUT, RS",6/13/2017,55,60,
RSM00023849,"SURGUT, RS",6/14/2017,68,78,46
RSM00023849,"SURGUT, RS",6/15/2017,71,,59
RSM00023849,"SURGUT, RS",6/16/2017,71,81,
RSM00023849,"SURGUT, RS",6/17/2017,70,82,61
RSM00023849,"SURGUT, RS",6/18/2017,69,80,62
RSM00023849,"SURGUT, RS",6/19/2017,71,,
RSM00023849,"SURGUT, RS",6/20/2017,66,74,
RSM00023849,"SURGUT, RS",6/21/2017,62,69,
RSM00023849,"SURGUT, RS",6/22/2017,70,80,
RSM00023849,"SURGUT, RS",6/23/2017,76,85,
RSM00023849,"SURGUT, RS",6/24/2017,71,82,
RSM00023849,"SURGUT, RS",6/25/2017,67,75,
RSM00023849,"SURGUT, RS",6/26/2017,68,78,53
RSM00023849,"SURGUT, RS",6/27/2017,62,,
RSM00023849,"SURGUT, RS",6/28/2017,67,73,60
RSM00023849,"SURGUT, RS",6/29/2017,65,72,
RSM00023849,"SURGUT, RS",6/30/2017,64,72,55
RSM00023849,"SURGUT, RS",7/1/2017,62,68,
RSM00023849,"SURGUT, RS",7/2/2017,62,71,
RSM00023849,"SURGUT, RS",7/3/2017,67,,46
RSM00023849,"SURGUT, RS",7/4/2017,53,,
RSM00023849,"SURGUT, RS",7/5/2017,52,57,46
RSM00023849,"SURGUT, RS",7/6/2017,53,62,
RSM00023849,"SURGUT, RS",7/7/2017,57,65,42
RSM00023849,"SURGUT, RS",7/8/2017,54,60,44
RSM00023849,"SURGUT, RS",7/9/2017,61,69,54
RSM00023849,"SURGUT, RS",7/10/2017,58,66,52
RSM00023849,"SURGUT, RS",7/11/2017,55,64,
RSM00023849,"SURGUT, RS",7/12/2017,61,69,46
RSM00023849,"SURGUT, RS",7/13/2017,63,72,54
RSM00023849,"SURGUT, RS",7/14/2017,63,71,
RSM00023849,"SURGUT, RS",7/15/2017,58,66,
RSM00023849,"SURGUT, RS",7/16/2017,61,67,56
RSM00023849,"SURGUT, RS",7/17/2017,67,77,55
RSM00023849,"SURGUT, RS",7/18/2017,69,79,58
RSM00023849,"SURGUT, RS",7/19/2017,67,78,
RSM00023849,"SURGUT, RS",7/20/2017,70,82,54
RSM00023849,"SURGUT, RS",7/21/2017,70,83,58
RSM00023849,"SURGUT, RS",7/22/2017,72,85,
RSM00023849,"SURGUT, RS",7/23/2017,71,,58
RSM00023849,"SURGUT, RS",7/24/2017,71,79,59
RSM00023849,"SURGUT, RS",7/25/2017,72,82,59
RSM00023849,"SURGUT, RS",7/26/2017,72,81,59
RSM00023849,"SURGUT, RS",7/27/2017,70,78,61
RSM00023849,"SURGUT, RS",7/28/2017,68,77,
RSM00023849,"SURGUT, RS",7/29/2017,70,79,59
RSM00023849,"SURGUT, RS",7/30/2017,70,78,59
RSM00023849,"SURGUT, RS",7/31/2017,69,81,
RSM00023849,"SURGUT, RS",8/1/2017,75,83,60
RSM00023849,"SURGUT, RS",8/2/2017,70,80,
RSM00023849,"SURGUT, RS",8/3/2017,63,70,
RSM00023849,"SURGUT, RS",8/4/2017,66,78,56
RSM00023849,"SURGUT, RS",8/5/2017,61,67,57
RSM00023849,"SURGUT, RS",8/6/2017,64,75,58
RSM00023849,"SURGUT, RS",8/7/2017,56,59,
RSM00023849,"SURGUT, RS",8/8/2017,55,62,
RSM00023849,"SURGUT, RS",8/9/2017,49,,46
RSM00023849,"SURGUT, RS",8/10/2017,47,51,
RSM00023849,"SURGUT, RS",8/11/2017,49,,45
RSM00023849,"SURGUT, RS",8/12/2017,49,53,
RSM00023849,"SURGUT, RS",8/13/2017,53,62,41
RSM00023849,"SURGUT, RS",8/14/2017,58,,44
RSM00023849,"SURGUT, RS",8/15/2017,63,72,
RSM00023849,"SURGUT, RS",8/16/2017,63,77,
RSM00023849,"SURGUT, RS",8/17/2017,56,65,
RSM00023849,"SURGUT, RS",8/18/2017,55,,45
RSM00023849,"SURGUT, RS",8/19/2017,57,,47
RSM00023849,"SURGUT, RS",8/20/2017,58,66,49
RSM00023849,"SURGUT, RS",8/21/2017,67,75,54
RSM00023849,"SURGUT, RS",8/22/2017,66,75,
RSM00023849,"SURGUT, RS",8/23/2017,69,80,53
RSM00023849,"SURGUT, RS",8/24/2017,69,82,
RSM00023849,"SURGUT, RS",8/25/2017,64,72,58
RSM00023849,"SURGUT, RS",8/26/2017,65,,58
RSM00023849,"SURGUT, RS",8/27/2017,65,74,
RSM00023849,"SURGUT, RS",8/28/2017,63,71,57
RSM00023849,"SURGUT, RS",8/29/2017,56,62,
RSM00023849,"SURGUT, RS",8/30/2017,51,58,
RSM00023849,"SURGUT, RS",8/31/2017,55,62,
RSM00023849,"SURGUT, RS",9/1/2017,54,61,
RSM00023849,"SURGUT, RS",9/2/2017,58,63,44
RSM00023849,"SURGUT, RS",9/3/2017,53,,
RSM00023849,"SURGUT, RS",9/4/2017,48,52,41
RSM00023849,"SURGUT, RS",9/5/2017,43,50,
RSM00023849,"SURGUT, RS",9/6/2017,48,58,35
RSM00023849,"SURGUT, RS",9/7/2017,44,,
RSM00023849,"SURGUT, RS",9/8/2017,42,49,
RSM00023849,"SURGUT, RS",9/9/2017,42,,32
RSM00023849,"SURGUT, RS",9/10/2017,43,49,
RSM00023849,"SURGUT, RS",9/11/2017,42,47,
RSM00023849,"SURGUT, RS",9/12/2017,40,45,
RSM00023849,"SURGUT, RS",9/13/2017,42,,37
RSM00023849,"SURGUT, RS",9/14/2017,42,,38
RSM00023849,"SURGUT, RS",9/15/2017,42,,
RSM00023849,"SURGUT, RS",9/16/2017,41,,
RSM00023849,"SURGUT, RS",9/17/2017,51,61,41
RSM00023849,"SURGUT, RS",9/18/2017,47,,
RSM00023849,"SURGUT, RS",9/19/2017,42,43,
RSM00023849,"SURGUT, RS",9/20/2017,43,46,40
RSM00023849,"SURGUT, RS",9/21/2017,42,,30
RSM00023849,"SURGUT, RS",9/22/2017,35,36,32
RSM00023849,"SURGUT, RS",9/23/2017,35,38,
RSM00023849,"SURGUT, RS",9/24/2017,38,,30
RSM00023849,"SURGUT, RS",9/25/2017,39,,
RSM00023849,"SURGUT, RS",9/26/2017,40,45,
RSM00023849,"SURGUT, RS",9/27/2017,31,,
RSM00023849,"SURGUT, RS",9/28/2017,36,39,30
RSM00023849,"SURGUT, RS",9/29/2017,35,39,
RSM00023849,"SURGUT, RS",9/30/2017,29,,28
RSM00023849,"SURGUT, RS",10/1/2017,29,30,
RSM00023849,"SURGUT, RS",10/2/2017,28,33,
RSM00023849,"SURGUT, RS",10/3/2017,29,,
RSM00023849,"SURGUT, RS",10/4/2017,27,31,
RSM00023849,"SURGUT, RS",10/5/2017,27,,
RSM00023849,"SURGUT, RS",10/6/2017,31,,27
RSM00023849,"SURGUT, RS",10/7/2017,37,43,28
RSM00023849,"SURGUT, RS",10/8/2017,36,,
RSM00023849,"SURGUT, RS",10/9/2017,40,,33
RSM00023849,"SURGUT, RS",10/10/2017,37,45,
RSM00023849,"SURGUT, RS",10/11/2017,31,38,
RSM00023849,"SURGUT, RS",10/12/2017,34,,
RSM00023849,"SURGUT, RS",10/13/2017,39,44,33
RSM00023849,"SURGUT, RS",10/14/2017,38,,
RSM00023849,"SURGUT, RS",10/15/2017,35,44,29
RSM00023849,"SURGUT, RS",10/16/2017,32,,
RSM00023849,"SURGUT, RS",10/17/2017,32,36,30
RSM00023849,"SURGUT, RS",10/18/2017,33,37,28
RSM00023849,"SURGUT, RS",10/19/2017,35,,33
RSM00023849,"SURGUT, RS",10/20/2017,39,,34
RSM00023849,"SURGUT, RS",10/21/2017,34,36,
RSM00023849,"SURGUT, RS",10/22/2017,30,,
RSM00023849,"SURGUT, RS",10/23/2017,30,30,28
RSM00023849,"SURGUT, RS",10/24/2017,29,,
RSM00023849,"SURGUT, RS",10/25/2017,29,,
RSM00023849,"SURGUT, RS",10/26/2017,31,,
RSM00023849,"SURGUT, RS",10/27/2017,26,27,
RSM00023849,"SURGUT, RS",10/28/2017,26,,
RSM00023849,"SURGUT, RS",10/29/2017,23,25,
RSM00023849,"SURGUT, RS",10/30/2017,24,25,18
RSM00023849,"SURGUT, RS",10/31/2017,30,,24
RSM00023849,"SURGUT, RS",11/1/2017,32,,27
RSM00023849,"SURGUT, RS",11/2/2017,35,36,
RSM00023849,"SURGUT, RS",11/3/2017,32,34,30
RSM00023849,"SURGUT, RS",11/4/2017,31,32,30
RSM00023849,"SURGUT, RS",11/5/2017,29,,
RSM00023849,"SURGUT, RS",11/6/2017,30,,27
RSM00023849,"SURGUT, RS",11/7/2017,26,31,
RSM00023849,"SURGUT, RS",11/8/2017,31,33,17
RSM00023849,"SURGUT, RS",11/9/2017,19,,
RSM00023849,"SURGUT, RS",11/10/2017,-2,,
RSM00023849,"SURGUT, RS",11/11/2017,6,,-4
RSM00023849,"SURGUT, RS",11/12/2017,15,20,6
RSM00023849,"SURGUT, RS",11/13/2017,7,,
RSM00023849,"SURGUT, RS",11/14/2017,-8,,
RSM00023849,"SURGUT, RS",11/15/2017,4,,
RSM00023849,"SURGUT, RS",11/16/2017,23,,8
RSM00023849,"SURGUT, RS",11/17/2017,19,,
RSM00023849,"SURGUT, RS",11/18/2017,19,22,17
RSM00023849,"SURGUT, RS",11/19/2017,17,,
RSM00023849,"SURGUT, RS",11/20/2017,28,29,14
RSM00023849,"SURGUT, RS",11/21/2017,30,,28
RSM00023849,"SURGUT, RS",11/22/2017,27,32,
RSM00023849,"SURGUT, RS",11/23/2017,17,,
RSM00023849,"SURGUT, RS",11/24/2017,23,,
RSM00023849,"SURGUT, RS",11/25/2017,1,,
RSM00023849,"SURGUT, RS",11/26/2017,-4,,
RSM00023849,"SURGUT, RS",11/27/2017,13,,0
RSM00023849,"SURGUT, RS",11/28/2017,8,,
RSM00023849,"SURGUT, RS",11/29/2017,13,,7
RSM00023849,"SURGUT, RS",11/30/2017,19,,13
RSM00023849,"SURGUT, RS",12/1/2017,19,,
RSM00023849,"SURGUT, RS",12/2/2017,12,12,10
RSM00023849,"SURGUT, RS",12/3/2017,24,29,11
RSM00023849,"SURGUT, RS",12/4/2017,27,27,26
RSM00023849,"SURGUT, RS",12/5/2017,26,,
RSM00023849,"SURGUT, RS",12/6/2017,25,,
RSM00023849,"SURGUT, RS",12/7/2017,19,,
RSM00023849,"SURGUT, RS",12/8/2017,16,,
RSM00023849,"SURGUT, RS",12/9/2017,11,14,
RSM00023849,"SURGUT, RS",12/10/2017,3,,
RSM00023849,"SURGUT, RS",12/11/2017,2,,
RSM00023849,"SURGUT, RS",12/12/2017,-5,,
RSM00023849,"SURGUT, RS",12/13/2017,-2,,-9
RSM00023849,"SURGUT, RS",12/14/2017,9,,-1
RSM00023849,"SURGUT, RS",12/15/2017,20,,14
RSM00023849,"SURGUT, RS",12/16/2017,20,,
RSM00023849,"SURGUT, RS",12/17/2017,15,18,
RSM00023849,"SURGUT, RS",12/18/2017,19,,14
RSM00023849,"SURGUT, RS",12/19/2017,17,,
RSM00023849,"SURGUT, RS",12/20/2017,18,19,13
RSM00023849,"SURGUT, RS",12/21/2017,17,,13
RSM00023849,"SURGUT, RS",12/22/2017,20,,
RSM00023849,"SURGUT, RS",12/23/2017,19,,
RSM00023849,"SURGUT, RS",12/24/2017,11,18,
RSM00023849,"SURGUT, RS",12/25/2017,1,,
RSM00023849,"SURGUT, RS",12/26/2017,-4,,
RSM00023849,"SURGUT, RS",12/27/2017,-3,-2,-8
RSM00023849,"SURGUT, RS",12/28/2017,-1,,-8
RSM00023849,"SURGUT, RS",12/29/2017,4,11,
RSM00023849,"SURGUT, RS",12/30/2017,-4,,
RSM00023849,"SURGUT, RS",12/31/2017,17,22,2
RSM00023849,"SURGUT, RS",1/1/2018,17,,
RSM00023849,"SURGUT, RS",1/2/2018,11,,
RSM00023849,"SURGUT, RS",1/3/2018,10,14,7
RSM00023849,"SURGUT, RS",1/4/2018,4,,
RSM00023849,"SURGUT, RS",1/5/2018,17,20,1
RSM00023849,"SURGUT, RS",1/6/2018,11,,
RSM00023849,"SURGUT, RS",1/7/2018,4,6,
RSM00023849,"SURGUT, RS",1/8/2018,4,6,
RSM00023849,"SURGUT, RS",1/9/2018,9,,3
RSM00023849,"SURGUT, RS",1/10/2018,12,,
RSM00023849,"SURGUT, RS",1/11/2018,0,,
RSM00023849,"SURGUT, RS",1/12/2018,-10,,
RSM00023849,"SURGUT, RS",1/13/2018,-1,,-25
RSM00023849,"SURGUT, RS",1/14/2018,3,10,
RSM00023849,"SURGUT, RS",1/15/2018,24,34,-5
RSM00023849,"SURGUT, RS",1/16/2018,22,,
RSM00023849,"SURGUT, RS",1/17/2018,14,,
RSM00023849,"SURGUT, RS",1/18/2018,-12,,
RSM00023849,"SURGUT, RS",1/19/2018,-25,,
RSM00023849,"SURGUT, RS",1/20/2018,-35,-31,-38
RSM00023849,"SURGUT, RS",1/21/2018,-35,,
RSM00023849,"SURGUT, RS",1/22/2018,-37,,-43
RSM00023849,"SURGUT, RS",1/23/2018,-33,-20,-42
RSM00023849,"SURGUT, RS",1/24/2018,-27,,-37
RSM00023849,"SURGUT, RS",1/25/2018,-19,-13,-30
RSM00023849,"SURGUT, RS",1/26/2018,-4,,-19
RSM00023849,"SURGUT, RS",1/27/2018,11,,-1
RSM00023849,"SURGUT, RS",1/28/2018,15,,12
RSM00023849,"SURGUT, RS",1/29/2018,9,,
RSM00023849,"SURGUT, RS",1/30/2018,3,,
RSM00023849,"SURGUT, RS",1/31/2018,6,15,-1
RSM00023849,"SURGUT, RS",2/1/2018,3,7,
RSM00023849,"SURGUT, RS",2/2/2018,-2,,
RSM00023849,"SURGUT, RS",2/3/2018,-2,,
RSM00023849,"SURGUT, RS",2/4/2018,5,9,-10
RSM00023849,"SURGUT, RS",2/5/2018,14,20,5
RSM00023849,"SURGUT, RS",2/6/2018,2,20,
RSM00023849,"SURGUT, RS",2/7/2018,-9,-1,-17
RSM00023849,"SURGUT, RS",2/8/2018,-1,7,-10
RSM00023849,"SURGUT, RS",2/9/2018,2,7,-7
RSM00023849,"SURGUT, RS",2/10/2018,-2,7,
RSM00023849,"SURGUT, RS",2/11/2018,-3,,-13
RSM00023849,"SURGUT, RS",2/12/2018,-8,,
RSM00023849,"SURGUT, RS",2/13/2018,-6,,-14
RSM00023849,"SURGUT, RS",2/14/2018,-4,5,-11
RSM00023849,"SURGUT, RS",2/15/2018,-4,,
RSM00023849,"SURGUT, RS",2/16/2018,-1,,-13
RSM00023849,"SURGUT, RS",2/17/2018,9,13,2
RSM00023849,"SURGUT, RS",2/18/2018,12,,5
RSM00023849,"SURGUT, RS",2/19/2018,12,,
RSM00023849,"SURGUT, RS",2/20/2018,12,,-1
RSM00023849,"SURGUT, RS",2/21/2018,14,16,
RSM00023849,"SURGUT, RS",2/22/2018,12,,
RSM00023849,"SURGUT, RS",2/23/2018,-3,6,
RSM00023849,"SURGUT, RS",2/24/2018,-15,,
RSM00023849,"SURGUT, RS",2/25/2018,-17,-6,
RSM00023849,"SURGUT, RS",2/26/2018,-19,-9,-31
RSM00023849,"SURGUT, RS",2/27/2018,-16,-7,-28
RSM00023849,"SURGUT, RS",2/28/2018,-16,-5,
RSM00023849,"SURGUT, RS",3/1/2018,-4,3,-27
RSM00023849,"SURGUT, RS",3/2/2018,4,11,
RSM00023849,"SURGUT, RS",3/3/2018,9,17,-5
RSM00023849,"SURGUT, RS",3/4/2018,15,19,4
RSM00023849,"SURGUT, RS",3/5/2018,15,18,11
RSM00023849,"SURGUT, RS",3/6/2018,24,,15
RSM00023849,"SURGUT, RS",3/7/2018,17,,
RSM00023849,"SURGUT, RS",3/8/2018,6,,-3
RSM00023849,"SURGUT, RS",3/9/2018,4,,
RSM00023849,"SURGUT, RS",3/10/2018,-4,,
RSM00023849,"SURGUT, RS",3/11/2018,-14,-9,
RSM00023849,"SURGUT, RS",3/12/2018,-4,,-28
RSM00023849,"SURGUT, RS",3/13/2018,15,23,3
RSM00023849,"SURGUT, RS",3/14/2018,17,23,10
RSM00023849,"SURGUT, RS",3/15/2018,24,,16
RSM00023849,"SURGUT, RS",3/16/2018,27,30,
RSM00023849,"SURGUT, RS",3/17/2018,30,36,22
RSM00023849,"SURGUT, RS",3/18/2018,24,,
RSM00023849,"SURGUT, RS",3/19/2018,21,33,
RSM00023849,"SURGUT, RS",3/20/2018,18,,2
RSM00023849,"SURGUT, RS",3/21/2018,21,29,
RSM00023849,"SURGUT, RS",3/22/2018,2,,
RSM00023849,"SURGUT, RS",3/23/2018,3,11,
RSM00023849,"SURGUT, RS",3/24/2018,3,13,
RSM00023849,"SURGUT, RS",3/25/2018,16,,-9
RSM00023849,"SURGUT, RS",3/26/2018,23,,12
RSM00023849,"SURGUT, RS",3/27/2018,14,,
RSM00023849,"SURGUT, RS",3/28/2018,6,17,-10
RSM00023849,"SURGUT, RS",3/29/2018,14,,3
RSM00023849,"SURGUT, RS",3/30/2018,8,14,0
RSM00023849,"SURGUT, RS",3/31/2018,5,22,
RSM00023849,"SURGUT, RS",4/1/2018,10,,-15
RSM00023849,"SURGUT, RS",4/2/2018,20,31,
RSM00023849,"SURGUT, RS",4/3/2018,12,,-6
RSM00023849,"SURGUT, RS",4/4/2018,34,43,11
RSM00023849,"SURGUT, RS",4/5/2018,33,38,
RSM00023849,"SURGUT, RS",4/6/2018,33,,22
RSM00023849,"SURGUT, RS",4/7/2018,29,37,
RSM00023849,"SURGUT, RS",4/8/2018,33,41,18
RSM00023849,"SURGUT, RS",4/9/2018,34,38,28
RSM00023849,"SURGUT, RS",4/10/2018,33,39,
RSM00023849,"SURGUT, RS",4/11/2018,33,38,
RSM00023849,"SURGUT, RS",4/12/2018,26,,
RSM00023849,"SURGUT, RS",4/13/2018,27,36,
RSM00023849,"SURGUT, RS",4/14/2018,25,31,
RSM00023849,"SURGUT, RS",4/15/2018,27,,
RSM00023849,"SURGUT, RS",4/16/2018,20,31,
RSM00023849,"SURGUT, RS",4/17/2018,6,,
RSM00023849,"SURGUT, RS",4/18/2018,18,,-3
RSM00023849,"SURGUT, RS",4/19/2018,32,,21
RSM00023849,"SURGUT, RS",4/20/2018,28,34,
RSM00023849,"SURGUT, RS",4/21/2018,20,27,
RSM00023849,"SURGUT, RS",4/22/2018,25,36,8
RSM00023849,"SURGUT, RS",4/23/2018,31,37,20
RSM00023849,"SURGUT, RS",4/24/2018,38,,28
RSM00023849,"SURGUT, RS",4/25/2018,31,,
RSM00023849,"SURGUT, RS",4/26/2018,25,32,
RSM00023849,"SURGUT, RS",4/27/2018,35,45,16
RSM00023849,"SURGUT, RS",4/28/2018,44,,26
RSM00023849,"SURGUT, RS",4/29/2018,46,50,38
RSM00023849,"SURGUT, RS",4/30/2018,32,,
RSM00023849,"SURGUT, RS",5/1/2018,26,,
RSM00023849,"SURGUT, RS",5/2/2018,32,42,
RSM00023849,"SURGUT, RS",5/3/2018,22,27,
RSM00023849,"SURGUT, RS",5/4/2018,27,,15
RSM00023849,"SURGUT, RS",5/5/2018,26,,
RSM00023849,"SURGUT, RS",5/6/2018,26,,13
RSM00023849,"SURGUT, RS",5/7/2018,30,37,
RSM00023849,"SURGUT, RS",5/8/2018,31,38,18
RSM00023849,"SURGUT, RS",5/9/2018,40,49,27
RSM00023849,"SURGUT, RS",5/10/2018,41,,32
RSM00023849,"SURGUT, RS",5/11/2018,41,46,32
RSM00023849,"SURGUT, RS",5/12/2018,38,,
RSM00023849,"SURGUT, RS",5/13/2018,37,41,31
RSM00023849,"SURGUT, RS",5/14/2018,35,40,
RSM00023849,"SURGUT, RS",5/15/2018,29,33,
RSM00023849,"SURGUT, RS",5/16/2018,22,,18
RSM00023849,"SURGUT, RS",5/17/2018,28,35,22
RSM00023849,"SURGUT, RS",5/18/2018,26,31,
RSM00023849,"SURGUT, RS",5/19/2018,35,,18
RSM00023849,"SURGUT, RS",5/20/2018,47,,35
RSM00023849,"SURGUT, RS",5/21/2018,35,,
RSM00023849,"SURGUT, RS",5/22/2018,38,,27
RSM00023849,"SURGUT, RS",5/23/2018,37,40,
RSM00023849,"SURGUT, RS",5/24/2018,42,53,30
RSM00023849,"SURGUT, RS",5/25/2018,38,46,
RSM00023849,"SURGUT, RS",5/26/2018,33,39,
RSM00023849,"SURGUT, RS",5/27/2018,44,54,25
RSM00023849,"SURGUT, RS",5/28/2018,41,50,
RSM00023849,"SURGUT, RS",5/29/2018,36,43,
RSM00023849,"SURGUT, RS",5/30/2018,42,46,27
RSM00023849,"SURGUT, RS",5/31/2018,52,,43
RSM00023849,"SURGUT, RS",6/1/2018,49,57,
RSM00023849,"SURGUT, RS",6/2/2018,46,53,34
RSM00023849,"SURGUT, RS",6/3/2018,45,51,
RSM00023849,"SURGUT, RS",6/4/2018,45,50,40
RSM00023849,"SURGUT, RS",6/5/2018,59,68,42
RSM00023849,"SURGUT, RS",6/6/2018,73,,55
RSM00023849,"SURGUT, RS",6/7/2018,80,90,58
RSM00023849,"SURGUT, RS",6/8/2018,56,,
RSM00023849,"SURGUT, RS",6/9/2018,52,61,
RSM00023849,"SURGUT, RS",6/10/2018,62,,46
RSM00023849,"SURGUT, RS",6/11/2018,56,70,
RSM00023849,"SURGUT, RS",6/12/2018,56,62,41
RSM00023849,"SURGUT, RS",6/13/2018,54,61,
RSM00023849,"SURGUT, RS",6/14/2018,62,72,50
RSM00023849,"SURGUT, RS",6/15/2018,63,70,52
RSM00023849,"SURGUT, RS",6/16/2018,56,61,
RSM00023849,"SURGUT, RS",6/17/2018,52,54,
RSM00023849,"SURGUT, RS",6/18/2018,57,68,
RSM00023849,"SURGUT, RS",6/19/2018,62,70,49
RSM00023849,"SURGUT, RS",6/20/2018,62,67,49
RSM00023849,"SURGUT, RS",6/21/2018,63,76,
RSM00023849,"SURGUT, RS",6/22/2018,62,71,
RSM00023849,"SURGUT, RS",6/23/2018,60,65,50
RSM00023849,"SURGUT, RS",6/24/2018,60,66,
RSM00023849,"SURGUT, RS",6/25/2018,61,,
RSM00023849,"SURGUT, RS",6/26/2018,74,83,54
RSM00023849,"SURGUT, RS",6/27/2018,78,86,67
RSM00023849,"SURGUT, RS",6/28/2018,76,86,
RSM00023849,"SURGUT, RS",6/29/2018,67,77,
RSM00023849,"SURGUT, RS",6/30/2018,67,76,54
RSM00023849,"SURGUT, RS",7/1/2018,69,78,
RSM00023849,"SURGUT, RS",7/2/2018,55,67,
RSM00023849,"SURGUT, RS",7/3/2018,59,69,46
RSM00023849,"SURGUT, RS",7/4/2018,58,,49
RSM00023849,"SURGUT, RS",7/5/2018,62,70,
RSM00023849,"SURGUT, RS",7/6/2018,67,75,50
RSM00023849,"SURGUT, RS",7/7/2018,65,,58
RSM00023849,"SURGUT, RS",7/8/2018,73,,63
RSM00023849,"SURGUT, RS",7/9/2018,74,80,69
RSM00023849,"SURGUT, RS",7/10/2018,73,81,
RSM00023849,"SURGUT, RS",7/11/2018,72,80,
RSM00023849,"SURGUT, RS",7/12/2018,74,83,
RSM00023849,"SURGUT, RS",7/13/2018,70,,
RSM00023849,"SURGUT, RS",7/14/2018,65,73,
RSM00023849,"SURGUT, RS",7/15/2018,69,,
RSM00023849,"SURGUT, RS",7/16/2018,72,83,53
RSM00023849,"SURGUT, RS",7/17/2018,76,,54
RSM00023849,"SURGUT, RS",7/18/2018,68,83,
RSM00023849,"SURGUT, RS",7/19/2018,61,,
RSM00023849,"SURGUT, RS",7/20/2018,60,67,
RSM00023849,"SURGUT, RS",7/21/2018,56,64,
RSM00023849,"SURGUT, RS",7/22/2018,62,70,46
RSM00023849,"SURGUT, RS",7/23/2018,74,84,55
RSM00023849,"SURGUT, RS",7/24/2018,68,76,
RSM00023849,"SURGUT, RS",7/25/2018,76,88,52
RSM00023849,"SURGUT, RS",7/26/2018,69,77,
RSM00023849,"SURGUT, RS",7/27/2018,67,,
RSM00023849,"SURGUT, RS",7/28/2018,68,83,
RSM00023849,"SURGUT, RS",7/29/2018,54,62,
RSM00023849,"SURGUT, RS",7/30/2018,57,65,44
RSM00023849,"SURGUT, RS",7/31/2018,57,69,
RSM00023849,"SURGUT, RS",8/1/2018,48,56,38
RSM00023849,"SURGUT, RS",8/2/2018,48,53,40
RSM00023849,"SURGUT, RS",8/3/2018,51,57,44
RSM00023849,"SURGUT, RS",8/4/2018,48,,
RSM00023849,"SURGUT, RS",8/5/2018,54,61,43
RSM00023849,"SURGUT, RS",8/6/2018,62,69,51
RSM00023849,"SURGUT, RS",8/7/2018,58,,
RSM00023849,"SURGUT, RS",8/8/2018,66,,
RSM00023849,"SURGUT, RS",8/9/2018,62,72,
RSM00023849,"SURGUT, RS",8/10/2018,57,69,
RSM00023849,"SURGUT, RS",8/11/2018,53,63,48
RSM00023849,"SURGUT, RS",8/12/2018,56,61,50
RSM00023849,"SURGUT, RS",8/13/2018,61,,
RSM00023849,"SURGUT, RS",8/14/2018,70,80,56
RSM00023849,"SURGUT, RS",8/15/2018,69,78,
RSM00023849,"SURGUT, RS",8/16/2018,57,63,
RSM00023849,"SURGUT, RS",8/17/2018,60,68,49
RSM00023849,"SURGUT, RS",8/18/2018,55,57,
RSM00023849,"SURGUT, RS",8/19/2018,50,57,
RSM00023849,"SURGUT, RS",8/20/2018,51,61,35
RSM00023849,"SURGUT, RS",8/21/2018,54,,41
RSM00023849,"SURGUT, RS",8/22/2018,54,,53
RSM00023849,"SURGUT, RS",8/23/2018,56,,
RSM00023849,"SURGUT, RS",8/24/2018,58,,48
RSM00023849,"SURGUT, RS",8/25/2018,62,72,47
RSM00023849,"SURGUT, RS",8/26/2018,60,63,54
RSM00023849,"SURGUT, RS",8/27/2018,57,63,
RSM00023849,"SURGUT, RS",8/28/2018,53,58,
RSM00023849,"SURGUT, RS",8/29/2018,60,,45
RSM00023849,"SURGUT, RS",8/30/2018,50,,
RSM00023849,"SURGUT, RS",8/31/2018,46,51,
RSM00023849,"SURGUT, RS",9/1/2018,46,56,
RSM00023849,"SURGUT, RS",9/2/2018,51,61,35
RSM00023849,"SURGUT, RS",9/3/2018,47,58,
RSM00023849,"SURGUT, RS",9/4/2018,53,,33
RSM00023849,"SURGUT, RS",9/5/2018,60,72,
RSM00023849,"SURGUT, RS",9/6/2018,59,70,
RSM00023849,"SURGUT, RS",9/7/2018,54,69,
RSM00023849,"SURGUT, RS",9/8/2018,45,50,
RSM00023849,"SURGUT, RS",9/9/2018,44,,
RSM00023849,"SURGUT, RS",9/10/2018,39,44,
RSM00023849,"SURGUT, RS",9/11/2018,43,47,34
RSM00023849,"SURGUT, RS",9/12/2018,47,52,41
RSM00023849,"SURGUT, RS",9/13/2018,50,56,
RSM00023849,"SURGUT, RS",9/14/2018,51,56,
RSM00023849,"SURGUT, RS",9/15/2018,50,53,
RSM00023849,"SURGUT, RS",9/16/2018,45,47,
RSM00023849,"SURGUT, RS",9/18/2018,51,54,
RSM00023849,"SURGUT, RS",9/19/2018,56,65,
RSM00023849,"SURGUT, RS",9/20/2018,50,,
RSM00023849,"SURGUT, RS",9/21/2018,51,64,39
RSM00023849,"SURGUT, RS",9/22/2018,49,60,42
RSM00023849,"SURGUT, RS",9/23/2018,51,58,41
RSM00023849,"SURGUT, RS",9/24/2018,51,,
RSM00023849,"SURGUT, RS",9/25/2018,59,70,46
RSM00023849,"SURGUT, RS",9/26/2018,64,73,56
RSM00023849,"SURGUT, RS",9/27/2018,60,65,
RSM00023849,"SURGUT, RS",9/28/2018,57,,
RSM00023849,"SURGUT, RS",9/29/2018,44,47,
RSM00023849,"SURGUT, RS",9/30/2018,45,49,
RSM00023849,"SURGUT, RS",10/1/2018,40,,
RSM00023849,"SURGUT, RS",10/2/2018,40,,35
RSM00023849,"SURGUT, RS",10/3/2018,48,52,
RSM00023849,"SURGUT, RS",10/4/2018,50,54,
RSM00023849,"SURGUT, RS",10/5/2018,57,,44
RSM00023849,"SURGUT, RS",10/6/2018,62,72,
RSM00023849,"SURGUT, RS",10/7/2018,46,,
RSM00023849,"SURGUT, RS",10/8/2018,39,43,
RSM00023849,"SURGUT, RS",10/9/2018,38,42,
RSM00023849,"SURGUT, RS",10/10/2018,37,40,
RSM00023849,"SURGUT, RS",10/11/2018,38,41,34
RSM00023849,"SURGUT, RS",10/12/2018,33,,
RSM00023849,"SURGUT, RS",10/13/2018,32,,
RSM00023849,"SURGUT, RS",10/14/2018,33,37,31
RSM00023849,"SURGUT, RS",10/15/2018,33,35,
RSM00023849,"SURGUT, RS",10/16/2018,31,,
RSM00023849,"SURGUT, RS",10/17/2018,31,,30
RSM00023849,"SURGUT, RS",10/18/2018,32,33,31
RSM00023849,"SURGUT, RS",10/19/2018,32,34,32
RSM00023849,"SURGUT, RS",10/20/2018,33,34,31
RSM00023849,"SURGUT, RS",10/21/2018,32,34,
RSM00023849,"SURGUT, RS",10/22/2018,26,,
RSM00023849,"SURGUT, RS",10/23/2018,32,,
RSM00023849,"SURGUT, RS",10/24/2018,36,38,34
RSM00023849,"SURGUT, RS",10/25/2018,39,,
RSM00023849,"SURGUT, RS",10/26/2018,48,,
RSM00023849,"SURGUT, RS",10/27/2018,42,,
RSM00023849,"SURGUT, RS",10/28/2018,33,37,
RSM00023849,"SURGUT, RS",10/29/2018,31,34,
RSM00023849,"SURGUT, RS",10/30/2018,22,,
RSM00023849,"SURGUT, RS",10/31/2018,17,18,
RSM00023849,"SURGUT, RS",11/1/2018,19,,15
RSM00023849,"SURGUT, RS",11/2/2018,26,,
RSM00023849,"SURGUT, RS",11/3/2018,15,20,
RSM00023849,"SURGUT, RS",11/4/2018,20,22,
RSM00023849,"SURGUT, RS",11/5/2018,13,,
RSM00023849,"SURGUT, RS",11/6/2018,12,,
RSM00023849,"SURGUT, RS",11/7/2018,22,,13
RSM00023849,"SURGUT, RS",11/8/2018,4,,
RSM00023849,"SURGUT, RS",11/9/2018,-3,2,
RSM00023849,"SURGUT, RS",11/10/2018,0,8,-8
RSM00023849,"SURGUT, RS",11/11/2018,11,,-10
RSM00023849,"SURGUT, RS",11/12/2018,21,,16
RSM00023849,"SURGUT, RS",11/13/2018,25,,19
RSM00023849,"SURGUT, RS",11/14/2018,19,,
RSM00023849,"SURGUT, RS",11/15/2018,12,,
RSM00023849,"SURGUT, RS",11/16/2018,-3,,-13
RSM00023849,"SURGUT, RS",11/23/2018,-3,,
RSM00023849,"SURGUT, RS",11/24/2018,-7,,
RSM00023849,"SURGUT, RS",11/25/2018,-16,,
RSM00023849,"SURGUT, RS",11/26/2018,-12,-7,-22
RSM00023849,"SURGUT, RS",11/27/2018,-3,,-13
RSM00023849,"SURGUT, RS",11/28/2018,-7,,
RSM00023849,"SURGUT, RS",11/29/2018,-17,,-23
RSM00023849,"SURGUT, RS",11/30/2018,-24,,
RSM00023849,"SURGUT, RS",12/1/2018,-20,,-28
RSM00023849,"SURGUT, RS",12/2/2018,-1,3,-18
RSM00023849,"SURGUT, RS",12/3/2018,-16,,
RSM00023849,"SURGUT, RS",12/4/2018,-8,,-21
RSM00023849,"SURGUT, RS",12/5/2018,8,9,-5
RSM00023849,"SURGUT, RS",12/6/2018,8,,7
RSM00023849,"SURGUT, RS",12/7/2018,12,,9
RSM00023849,"SURGUT, RS",12/8/2018,13,,8
RSM00023849,"SURGUT, RS",12/9/2018,11,,
RSM00023849,"SURGUT, RS",12/10/2018,13,,7
RSM00023849,"SURGUT, RS",12/11/2018,4,,
RSM00023849,"SURGUT, RS",12/12/2018,10,,0
RSM00023849,"SURGUT, RS",12/13/2018,18,20,12
RSM00023849,"SURGUT, RS",12/14/2018,19,,10
RSM00023849,"SURGUT, RS",12/15/2018,22,23,17
RSM00023849,"SURGUT, RS",12/16/2018,24,,22
RSM00023849,"SURGUT, RS",12/17/2018,26,,
RSM00023849,"SURGUT, RS",12/18/2018,18,21,
RSM00023849,"SURGUT, RS",12/19/2018,-5,,
RSM00023849,"SURGUT, RS",12/20/2018,-2,,-19
RSM00023849,"SURGUT, RS",12/21/2018,11,,3
RSM00023849,"SURGUT, RS",12/22/2018,-21,,
RSM00023849,"SURGUT, RS",12/23/2018,-37,,-40
RSM00023849,"SURGUT, RS",12/24/2018,-22,,-39
RSM00023849,"SURGUT, RS",12/25/2018,-15,,-21
RSM00023849,"SURGUT, RS",12/26/2018,-11,-7,-15
RSM00023849,"SURGUT, RS",12/27/2018,-11,,
RSM00023849,"SURGUT, RS",12/28/2018,1,,-9
RSM00023849,"SURGUT, RS",12/29/2018,14,,4
RSM00023849,"SURGUT, RS",12/30/2018,8,14,
RSM00023849,"SURGUT, RS",12/31/2018,0,,-6
RSM00023849,"SURGUT, RS",1/1/2019,4,,
RSM00023849,"SURGUT, RS",1/2/2019,6,,-2
RSM00023849,"SURGUT, RS",1/3/2019,14,,4
RSM00023849,"SURGUT, RS",1/4/2019,19,,
RSM00023849,"SURGUT, RS",1/5/2019,-4,,
RSM00023849,"SURGUT, RS",1/6/2019,11,,-13
RSM00023849,"SURGUT, RS",1/7/2019,10,13,
RSM00023849,"SURGUT, RS",1/8/2019,-3,,
RSM00023849,"SURGUT, RS",1/9/2019,-10,,
RSM00023849,"SURGUT, RS",1/10/2019,-26,-22,
RSM00023849,"SURGUT, RS",1/11/2019,-27,-21,
RSM00023849,"SURGUT, RS",1/12/2019,-12,,-36
RSM00023849,"SURGUT, RS",1/13/2019,14,,
RSM00023849,"SURGUT, RS",1/14/2019,25,,18
RSM00023849,"SURGUT, RS",1/15/2019,8,20,
RSM00023849,"SURGUT, RS",1/16/2019,8,,-1
RSM00023849,"SURGUT, RS",1/17/2019,17,20,7
RSM00023849,"SURGUT, RS",1/18/2019,18,,
RSM00023849,"SURGUT, RS",1/19/2019,19,21,
RSM00023849,"SURGUT, RS",1/20/2019,18,21,
RSM00023849,"SURGUT, RS",1/21/2019,15,,
RSM00023849,"SURGUT, RS",1/22/2019,10,,4
RSM00023849,"SURGUT, RS",1/23/2019,6,,
RSM00023849,"SURGUT, RS",1/24/2019,-9,,
RSM00023849,"SURGUT, RS",1/25/2019,-21,,-24
RSM00023849,"SURGUT, RS",1/26/2019,-16,,-23
RSM00023849,"SURGUT, RS",1/27/2019,-20,,
RSM00023849,"SURGUT, RS",1/28/2019,-10,,-23
RSM00023849,"SURGUT, RS",1/29/2019,3,9,
RSM00023849,"SURGUT, RS",1/30/2019,-29,,
RSM00023849,"SURGUT, RS",1/31/2019,-40,-34,
RSM00023849,"SURGUT, RS",2/1/2019,-41,-35,
RSM00023849,"SURGUT, RS",2/2/2019,-34,-27,-43
RSM00023849,"SURGUT, RS",2/3/2019,-34,-25,
RSM00023849,"SURGUT, RS",2/4/2019,-25,-16,-40
RSM00023849,"SURGUT, RS",2/5/2019,-25,-17,
RSM00023849,"SURGUT, RS",2/6/2019,-32,-25,-37
RSM00023849,"SURGUT, RS",2/7/2019,-27,-18,-41
RSM00023849,"SURGUT, RS",2/8/2019,-16,-11,-27
RSM00023849,"SURGUT, RS",2/9/2019,-11,-7,
RSM00023849,"SURGUT, RS",2/10/2019,-8,,
RSM00023849,"SURGUT, RS",2/11/2019,-3,,-20
RSM00023849,"SURGUT, RS",2/12/2019,10,,1
RSM00023849,"SURGUT, RS",2/13/2019,18,,5
RSM00023849,"SURGUT, RS",2/14/2019,23,,17
RSM00023849,"SURGUT, RS",2/15/2019,18,,
RSM00023849,"SURGUT, RS",2/16/2019,8,14,
RSM00023849,"SURGUT, RS",2/17/2019,6,13,-3
RSM00023849,"SURGUT, RS",2/18/2019,7,15,-3
RSM00023849,"SURGUT, RS",2/19/2019,11,,0
RSM00023849,"SURGUT, RS",2/20/2019,-1,7,
RSM00023849,"SURGUT, RS",2/21/2019,11,,-8
RSM00023849,"SURGUT, RS",2/22/2019,18,,16
RSM00023849,"SURGUT, RS",2/23/2019,22,,16
RSM00023849,"SURGUT, RS",2/24/2019,14,,
RSM00023849,"SURGUT, RS",2/25/2019,15,18,6
RSM00023849,"SURGUT, RS",2/26/2019,20,,15
RSM00023849,"SURGUT, RS",2/27/2019,5,22,
RSM00023849,"SURGUT, RS",2/28/2019,-3,,-21
RSM00023849,"SURGUT, RS",3/1/2019,16,,0
RSM00023849,"SURGUT, RS",3/2/2019,22,,14
RSM00023849,"SURGUT, RS",3/3/2019,24,,
RSM00023849,"SURGUT, RS",3/4/2019,21,,
RSM00023849,"SURGUT, RS",3/5/2019,13,16,
RSM00023849,"SURGUT, RS",3/6/2019,16,,0
RSM00023849,"SURGUT, RS",3/7/2019,32,38,
RSM00023849,"SURGUT, RS",3/8/2019,16,20,
RSM00023849,"SURGUT, RS",3/9/2019,22,,12
RSM00023849,"SURGUT, RS",3/10/2019,25,,
RSM00023849,"SURGUT, RS",3/11/2019,31,36,
RSM00023849,"SURGUT, RS",3/12/2019,32,,24
RSM00023849,"SURGUT, RS",3/13/2019,33,,32
RSM00023849,"SURGUT, RS",3/14/2019,30,,
RSM00023849,"SURGUT, RS",3/15/2019,27,29,
RSM00023849,"SURGUT, RS",3/16/2019,18,28,
RSM00023849,"SURGUT, RS",3/17/2019,9,17,
RSM00023849,"SURGUT, RS",3/18/2019,21,,2
RSM00023849,"SURGUT, RS",3/19/2019,30,35,19
RSM00023849,"SURGUT, RS",3/20/2019,32,38,
RSM00023849,"SURGUT, RS",3/21/2019,28,29,
RSM00023849,"SURGUT, RS",3/22/2019,28,32,
RSM00023849,"SURGUT, RS",3/23/2019,29,,
RSM00023849,"SURGUT, RS",3/24/2019,27,35,
RSM00023849,"SURGUT, RS",3/25/2019,36,43,17
RSM00023849,"SURGUT, RS",3/26/2019,36,42,28
RSM00023849,"SURGUT, RS",3/27/2019,35,,
RSM00023849,"SURGUT, RS",3/28/2019,36,,
RSM00023849,"SURGUT, RS",3/29/2019,36,42,32
RSM00023849,"SURGUT, RS",3/30/2019,36,,
RSM00023849,"SURGUT, RS",3/31/2019,32,35,
RSM00023849,"SURGUT, RS",4/1/2019,35,40,28
RSM00023849,"SURGUT, RS",4/2/2019,32,36,
RSM00023849,"SURGUT, RS",4/3/2019,32,,22
RSM00023849,"SURGUT, RS",4/4/2019,34,,
RSM00023849,"SURGUT, RS",4/5/2019,38,45,25
RSM00023849,"SURGUT, RS",4/6/2019,28,,
RSM00023849,"SURGUT, RS",4/7/2019,34,42,23
RSM00023849,"SURGUT, RS",4/8/2019,42,,
RSM00023849,"SURGUT, RS",4/9/2019,32,38,
RSM00023849,"SURGUT, RS",4/10/2019,24,29,19
RSM00023849,"SURGUT, RS",4/11/2019,27,,22
RSM00023849,"SURGUT, RS",4/12/2019,35,,25
RSM00023849,"SURGUT, RS",4/13/2019,26,35,
RSM00023849,"SURGUT, RS",4/14/2019,12,,7
RSM00023849,"SURGUT, RS",4/15/2019,26,32,9
RSM00023849,"SURGUT, RS",4/16/2019,25,,
RSM00023849,"SURGUT, RS",4/17/2019,6,,
RSM00023849,"SURGUT, RS",4/18/2019,18,,1
RSM00023849,"SURGUT, RS",4/19/2019,34,,22
RSM00023849,"SURGUT, RS",4/20/2019,24,29,
RSM00023849,"SURGUT, RS",4/21/2019,33,38,16
RSM00023849,"SURGUT, RS",4/22/2019,38,42,31
RSM00023849,"SURGUT, RS",4/23/2019,35,,
RSM00023849,"SURGUT, RS",4/24/2019,26,31,
RSM00023849,"SURGUT, RS",4/25/2019,22,,
RSM00023849,"SURGUT, RS",4/26/2019,17,,
RSM00023849,"SURGUT, RS",4/27/2019,22,30,8
RSM00023849,"SURGUT, RS",4/28/2019,18,23,13
RSM00023849,"SURGUT, RS",4/29/2019,18,,
RSM00023849,"SURGUT, RS",4/30/2019,17,,10
RSM00023849,"SURGUT, RS",5/1/2019,33,39,14
RSM00023849,"SURGUT, RS",5/2/2019,43,53,31
RSM00023849,"SURGUT, RS",5/3/2019,48,,
RSM00023849,"SURGUT, RS",5/4/2019,49,56,41
RSM00023849,"SURGUT, RS",5/5/2019,53,60,
RSM00023849,"SURGUT, RS",5/6/2019,55,,42
RSM00023849,"SURGUT, RS",5/7/2019,52,,
RSM00023849,"SURGUT, RS",5/8/2019,40,47,
RSM00023849,"SURGUT, RS",5/9/2019,43,50,31
RSM00023849,"SURGUT, RS",5/10/2019,49,65,
RSM00023849,"SURGUT, RS",5/11/2019,46,54,
RSM00023849,"SURGUT, RS",5/12/2019,32,35,
RSM00023849,"SURGUT, RS",5/13/2019,33,40,
RSM00023849,"SURGUT, RS",5/14/2019,28,30,
RSM00023849,"SURGUT, RS",5/15/2019,30,36,24
RSM00023849,"SURGUT, RS",5/20/2019,47,55,
RSM00023849,"SURGUT, RS",5/21/2019,40,48,
RSM00023849,"SURGUT, RS",5/22/2019,40,48,
RSM00023849,"SURGUT, RS",5/23/2019,52,60,28
RSM00023849,"SURGUT, RS",5/24/2019,46,60,
RSM00023849,"SURGUT, RS",5/25/2019,38,46,
RSM00023849,"SURGUT, RS",5/26/2019,39,,31
RSM00023849,"SURGUT, RS",5/27/2019,54,65,35
RSM00023849,"SURGUT, RS",5/28/2019,60,74,
RSM00023849,"SURGUT, RS",5/29/2019,53,67,
RSM00023849,"SURGUT, RS",5/30/2019,42,,
RSM00023849,"SURGUT, RS",5/31/2019,48,,31
RSM00023849,"SURGUT, RS",6/1/2019,47,,
RSM00023849,"SURGUT, RS",6/2/2019,53,,35
RSM00023849,"SURGUT, RS",6/3/2019,58,67,
RSM00023849,"SURGUT, RS",6/4/2019,62,,46
RSM00023849,"SURGUT, RS",6/5/2019,67,,52
RSM00023849,"SURGUT, RS",6/6/2019,70,78,60
RSM00023849,"SURGUT, RS",6/7/2019,63,71,
RSM00023849,"SURGUT, RS",6/8/2019,57,63,
RSM00023849,"SURGUT, RS",6/9/2019,57,,49
RSM00023849,"SURGUT, RS",6/10/2019,55,65,
RSM00023849,"SURGUT, RS",6/11/2019,49,52,41
RSM00023849,"SURGUT, RS",6/12/2019,56,,49
RSM00023849,"SURGUT, RS",6/13/2019,42,,
RSM00023849,"SURGUT, RS",6/14/2019,41,48,34
RSM00023849,"SURGUT, RS",6/15/2019,48,,36
RSM00023849,"SURGUT, RS",6/16/2019,55,,46
RSM00023849,"SURGUT, RS",6/17/2019,51,,
RSM00023849,"SURGUT, RS",6/18/2019,56,66,40
RSM00023849,"SURGUT, RS",6/19/2019,54,60,46
RSM00023849,"SURGUT, RS",6/20/2019,60,68,45
RSM00023849,"SURGUT, RS",6/21/2019,56,63,
RSM00023849,"SURGUT, RS",6/22/2019,50,59,
RSM00023849,"SURGUT, RS",6/23/2019,58,65,38
RSM00023849,"SURGUT, RS",6/24/2019,62,71,
RSM00023849,"SURGUT, RS",6/25/2019,58,65,
RSM00023849,"SURGUT, RS",6/26/2019,50,,
RSM00023849,"SURGUT, RS",6/27/2019,52,56,48
RSM00023849,"SURGUT, RS",6/28/2019,52,,
RSM00023849,"SURGUT, RS",6/29/2019,59,,43
RSM00023849,"SURGUT, RS",6/30/2019,69,,47
RSM00023849,"SURGUT, RS",7/1/2019,70,,
RSM00023849,"SURGUT, RS",7/2/2019,74,82,55
RSM00023849,"SURGUT, RS",7/3/2019,76,86,63
RSM00023849,"SURGUT, RS",7/4/2019,72,,
RSM00023849,"SURGUT, RS",7/5/2019,72,,
RSM00023849,"SURGUT, RS",7/6/2019,66,76,
RSM00023849,"SURGUT, RS",7/7/2019,64,72,53
RSM00023849,"SURGUT, RS",7/8/2019,60,67,
RSM00023849,"SURGUT, RS",7/9/2019,57,,
RSM00023849,"SURGUT, RS",7/10/2019,65,71,48
RSM00023849,"SURGUT, RS",7/11/2019,71,78,64
RSM00023849,"SURGUT, RS",7/12/2019,72,,
RSM00023849,"SURGUT, RS",7/13/2019,72,,
RSM00023849,"SURGUT, RS",7/14/2019,78,,62
RSM00023849,"SURGUT, RS",7/15/2019,79,,
RSM00023849,"SURGUT, RS",7/16/2019,78,,65
RSM00023849,"SURGUT, RS",7/17/2019,71,79,
RSM00023849,"SURGUT, RS",7/18/2019,69,,
RSM00023849,"SURGUT, RS",7/19/2019,71,79,62
RSM00023849,"SURGUT, RS",7/20/2019,76,84,64
RSM00023849,"SURGUT, RS",7/21/2019,69,80,
RSM00023849,"SURGUT, RS",7/22/2019,69,,53
RSM00023849,"SURGUT, RS",7/23/2019,72,79,57
RSM00023849,"SURGUT, RS",7/24/2019,63,,
RSM00023849,"SURGUT, RS",7/25/2019,65,74,59
RSM00023849,"SURGUT, RS",7/26/2019,69,77,58
RSM00023849,"SURGUT, RS",7/27/2019,59,69,
RSM00023849,"SURGUT, RS",7/28/2019,62,69,47
RSM00023849,"SURGUT, RS",7/29/2019,69,74,57
RSM00023849,"SURGUT, RS",7/30/2019,65,72,
RSM00023849,"SURGUT, RS",7/31/2019,59,66,
RSM00023849,"SURGUT, RS",8/1/2019,60,66,51
RSM00023849,"SURGUT, RS",8/2/2019,71,83,59
RSM00023849,"SURGUT, RS",8/3/2019,63,67,
RSM00023849,"SURGUT, RS",8/4/2019,63,72,
RSM00023849,"SURGUT, RS",8/5/2019,63,72,
RSM00023849,"SURGUT, RS",8/6/2019,69,75,53
RSM00023849,"SURGUT, RS",8/7/2019,65,72,
RSM00023849,"SURGUT, RS",8/8/2019,59,67,
RSM00023849,"SURGUT, RS",8/9/2019,56,,51
RSM00023849,"SURGUT, RS",8/10/2019,58,64,
RSM00023849,"SURGUT, RS",8/11/2019,62,,48
RSM00023849,"SURGUT, RS",8/12/2019,69,,55
RSM00023849,"SURGUT, RS",8/13/2019,67,78,
RSM00023849,"SURGUT, RS",8/14/2019,69,81,53
RSM00023849,"SURGUT, RS",8/15/2019,68,79,
RSM00023849,"SURGUT, RS",8/16/2019,66,76,52
RSM00023849,"SURGUT, RS",8/17/2019,69,78,53
RSM00023849,"SURGUT, RS",8/18/2019,61,67,
RSM00023849,"SURGUT, RS",8/19/2019,54,59,
RSM00023849,"SURGUT, RS",8/20/2019,57,64,51
RSM00023849,"SURGUT, RS",8/21/2019,63,72,
RSM00023849,"SURGUT, RS",8/22/2019,62,71,
RSM00023849,"SURGUT, RS",8/23/2019,66,74,50
RSM00023849,"SURGUT, RS",8/24/2019,57,63,
RSM00023849,"SURGUT, RS",8/25/2019,53,62,
RSM00023849,"SURGUT, RS",8/26/2019,53,58,46
RSM00023849,"SURGUT, RS",8/27/2019,52,,
RSM00023849,"SURGUT, RS",8/28/2019,48,53,
RSM00023849,"SURGUT, RS",8/29/2019,49,,
RSM00023849,"SURGUT, RS",8/30/2019,51,58,41
RSM00023849,"SURGUT, RS",8/31/2019,52,58,45
RSM00023849,"SURGUT, RS",9/1/2019,52,56,49
RSM00023849,"SURGUT, RS",9/2/2019,53,59,49
RSM00023849,"SURGUT, RS",9/3/2019,52,60,
RSM00023849,"SURGUT, RS",9/4/2019,52,,43
RSM00023849,"SURGUT, RS",9/5/2019,54,63,45
RSM00023849,"SURGUT, RS",9/6/2019,56,,45
RSM00023849,"SURGUT, RS",9/7/2019,53,62,
RSM00023849,"SURGUT, RS",9/8/2019,55,63,40
RSM00023849,"SURGUT, RS",9/9/2019,49,,
RSM00023849,"SURGUT, RS",9/10/2019,45,50,
RSM00023849,"SURGUT, RS",9/11/2019,44,48,40
RSM00023849,"SURGUT, RS",9/12/2019,41,48,
RSM00023849,"SURGUT, RS",9/13/2019,46,,33
RSM00023849,"SURGUT, RS",9/14/2019,49,52,48
RSM00023849,"SURGUT, RS",9/15/2019,56,,48
RSM00023849,"SURGUT, RS",9/16/2019,56,67,
RSM00023849,"SURGUT, RS",9/17/2019,50,54,48
RSM00023849,"SURGUT, RS",9/18/2019,52,58,47
RSM00023849,"SURGUT, RS",9/19/2019,51,56,48
RSM00023849,"SURGUT, RS",9/20/2019,46,,
RSM00023849,"SURGUT, RS",9/21/2019,38,48,
RSM00023849,"SURGUT, RS",9/22/2019,42,,31
RSM00023849,"SURGUT, RS",9/23/2019,40,,
RSM00023849,"SURGUT, RS",9/24/2019,40,47,35
RSM00023849,"SURGUT, RS",9/25/2019,40,45,
RSM00023849,"SURGUT, RS",9/26/2019,38,44,35
RSM00023849,"SURGUT, RS",9/27/2019,38,44,
RSM00023849,"SURGUT, RS",9/28/2019,36,41,33
RSM00023849,"SURGUT, RS",9/29/2019,35,39,
RSM00023849,"SURGUT, RS",9/30/2019,39,,33
RSM00023849,"SURGUT, RS",10/1/2019,43,46,38
RSM00023849,"SURGUT, RS",10/2/2019,49,,42
RSM00023849,"SURGUT, RS",10/3/2019,49,,
RSM00023849,"SURGUT, RS",10/4/2019,42,,
RSM00023849,"SURGUT, RS",10/5/2019,46,,38
RSM00023849,"SURGUT, RS",10/6/2019,53,,
RSM00023849,"SURGUT, RS",10/7/2019,43,50,
RSM00023849,"SURGUT, RS",10/8/2019,43,51,34
RSM00023849,"SURGUT, RS",10/9/2019,47,54,37
RSM00023849,"SURGUT, RS",10/10/2019,52,,
RSM00023849,"SURGUT, RS",10/11/2019,40,,
RSM00023849,"SURGUT, RS",10/12/2019,42,,34
RSM00023849,"SURGUT, RS",10/13/2019,45,47,
RSM00023849,"SURGUT, RS",10/14/2019,44,45,42
RSM00023849,"SURGUT, RS",10/15/2019,43,47,
RSM00023849,"SURGUT, RS",10/16/2019,35,,
RSM00023849,"SURGUT, RS",10/17/2019,26,27,
RSM00023849,"SURGUT, RS",10/18/2019,23,26,19
RSM00023849,"SURGUT, RS",10/19/2019,26,27,21
RSM00023849,"SURGUT, RS",10/20/2019,26,29,
RSM00023849,"SURGUT, RS",10/21/2019,26,27,
RSM00023849,"SURGUT, RS",10/22/2019,31,,26
RSM00023849,"SURGUT, RS",10/23/2019,31,,
RSM00023849,"SURGUT, RS",10/24/2019,29,,
RSM00023849,"SURGUT, RS",10/25/2019,25,29,
RSM00023849,"SURGUT, RS",10/26/2019,27,,15
RSM00023849,"SURGUT, RS",10/27/2019,36,,28
RSM00023849,"SURGUT, RS",10/28/2019,23,,
RSM00023849,"SURGUT, RS",10/29/2019,20,,
RSM00023849,"SURGUT, RS",10/30/2019,18,,
RSM00023849,"SURGUT, RS",10/31/2019,18,,12
RSM00023849,"SURGUT, RS",11/1/2019,20,22,
RSM00023849,"SURGUT, RS",11/2/2019,17,,
RSM00023849,"SURGUT, RS",11/3/2019,14,16,7
RSM00023849,"SURGUT, RS",11/4/2019,20,,14
RSM00023849,"SURGUT, RS",11/5/2019,27,,20
RSM00023849,"SURGUT, RS",11/6/2019,31,,26
RSM00023849,"SURGUT, RS",11/7/2019,28,,
RSM00023849,"SURGUT, RS",11/8/2019,2,,
RSM00023849,"SURGUT, RS",11/9/2019,0,6,
RSM00023849,"SURGUT, RS",11/10/2019,-1,8,
RSM00023849,"SURGUT, RS",11/11/2019,6,,-12
RSM00023849,"SURGUT, RS",11/12/2019,2,,
RSM00023849,"SURGUT, RS",11/13/2019,-11,,
RSM00023849,"SURGUT, RS",11/14/2019,-15,-7,-20
RSM00023849,"SURGUT, RS",11/15/2019,-10,,-19
RSM00023849,"SURGUT, RS",11/16/2019,18,,-11
RSM00023849,"SURGUT, RS",11/17/2019,6,,
RSM00023849,"SURGUT, RS",11/18/2019,-21,,
RSM00023849,"SURGUT, RS",11/19/2019,-14,,-25
RSM00023849,"SURGUT, RS",11/20/2019,5,,-12
RSM00023849,"SURGUT, RS",11/21/2019,14,,4
RSM00023849,"SURGUT, RS",11/22/2019,17,,15
RSM00023849,"SURGUT, RS",11/23/2019,20,,
RSM00023849,"SURGUT, RS",11/24/2019,-9,,
RSM00023849,"SURGUT, RS",11/25/2019,-7,,
RSM00023849,"SURGUT, RS",11/26/2019,14,17,-1
RSM00023849,"SURGUT, RS",11/27/2019,14,,13
RSM00023849,"SURGUT, RS",11/28/2019,16,22,
RSM00023849,"SURGUT, RS",11/29/2019,5,,
RSM00023849,"SURGUT, RS",11/30/2019,21,,0
RSM00023849,"SURGUT, RS",12/1/2019,18,,
RSM00023849,"SURGUT, RS",12/2/2019,16,,
RSM00023849,"SURGUT, RS",12/3/2019,16,19,
RSM00023849,"SURGUT, RS",12/4/2019,15,,10
RSM00023849,"SURGUT, RS",12/5/2019,18,20,
RSM00023849,"SURGUT, RS",12/6/2019,12,,
RSM00023849,"SURGUT, RS",12/7/2019,21,31,
RSM00023849,"SURGUT, RS",12/8/2019,7,,
RSM00023849,"SURGUT, RS",12/9/2019,30,,5
RSM00023849,"SURGUT, RS",12/10/2019,30,,
RSM00023849,"SURGUT, RS",12/11/2019,30,35,
RSM00023849,"SURGUT, RS",12/12/2019,25,29,
RSM00023849,"SURGUT, RS",12/13/2019,13,,
RSM00023849,"SURGUT, RS",12/14/2019,6,,
RSM00023849,"SURGUT, RS",12/15/2019,19,,8
RSM00023849,"SURGUT, RS",12/16/2019,17,,
RSM00023849,"SURGUT, RS",12/17/2019,10,13,
RSM00023849,"SURGUT, RS",12/18/2019,14,,4
RSM00023849,"SURGUT, RS",12/19/2019,1,,
RSM00023849,"SURGUT, RS",12/20/2019,-3,,
RSM00023849,"SURGUT, RS",12/21/2019,5,,-9
RSM00023849,"SURGUT, RS",12/22/2019,2,,
RSM00023849,"SURGUT, RS",12/23/2019,5,,-3
RSM00023849,"SURGUT, RS",12/24/2019,-12,,
RSM00023849,"SURGUT, RS",12/25/2019,-23,,-27
RSM00023849,"SURGUT, RS",12/26/2019,-25,,
RSM00023849,"SURGUT, RS",12/27/2019,-16,,-29
RSM00023849,"SURGUT, RS",12/28/2019,0,,-14
RSM00023849,"SURGUT, RS",12/29/2019,-16,,
RSM00023849,"SURGUT, RS",12/30/2019,0,,-18
RSM00023849,"SURGUT, RS",12/31/2019,-3,,
RSM00023849,"SURGUT, RS",1/1/2020,8,,-5
